회사명,직무 구분,공고명,링크,기술 스택,주요업무,자격요건
"리비바이오
기업정보 보기",백엔드 개발자,백엔드개발자(Node.js),https://jumpit.saramin.co.kr/position/49061,"Git, · Node.js, · REST API, · AWS","• 신규 프로덕트 개발 및 유지보수
• Restful API 개발
• 서비스 아키텍처 개발 및 개선
• 클라우드 환경에서의 인프라 운영","• 2년 이상의 개발 경력, 혹은 그에 준하는 역량을 보유하신 분
• Node.js를 이용한 웹서비스 및 API서버 개발 능력이 있으신 분
• RDB(MySql, Postgresql) 운용에 필요한 지식이나 경험이 있으신 분
• 프레임워크를 활용한 백엔드 개발 경험이 있으신 분
• 프로그래머라는 직종에 대하여 언제나 즐기고 자부심을 가지는 분
• 팀원과의 원활한 커뮤니케이션이 가능하신 분
• 형상 관리 도구(GIT)을 사용한 경험이 있으신 분"
"위버스브레인
기업정보 보기",백엔드 개발자,백엔드개발자 모집(3년~5년),https://jumpit.saramin.co.kr/position/48981,"PHP, · Git, · Python, · REST API, ","• 프로젝트 설계
• AI 기반 교육 어프리케이션의 API 개발
• 코드 품질 관리","• 3~5년 경력(언어, 프레임워크 무관)
• Python 기반 웹 어플리케이션 서버 개발 경험
• restfulAPI 설계 및 개발 경험
• git 버전 관리 시스템 사용 경험
• RDBMS 및 ORM 사용 경험
• 새로운 기술을 빠르게 습득할 수 있는 학습 역량"
"위버스브레인
기업정보 보기",백엔드 개발자,백엔드개발자 모집(6년~10년),https://jumpit.saramin.co.kr/position/48980,"PHP, · Git, · Python, · REST API, ","• 프로젝트 설계
• AI 기반 교육 어프리케이션의 API 개발
• 코드 품질 관리","• 6~10년 경력(언어, 프레임워크 무관)
• Python 기반 웹 어플리케이션 서버 개발 경험
• restfulAPI 설계 및 개발 경험
• git 버전 관리 시스템 사용 경험
• RDBMS 및 ORM 사용 경험
• 새로운 기술을 빠르게 습득할 수 있는 학습 역량"
"위버스브레인
기업정보 보기",백엔드 개발자,백엔드개발자 모집(11년~15년),https://jumpit.saramin.co.kr/position/48979,"PHP, · Git, · Python, · REST API, ","• 프로젝트 설계
• AI 기반 교육 어프리케이션의 API 개발
• 코드 품질 관리","• 11~15년 경력(언어, 프레임워크 무관)
• Python 기반 웹 어플리케이션 서버 개발 경험
• restfulAPI 설계 및 개발 경험
• git 버전 관리 시스템 사용 경험
• RDBMS 및 ORM 사용 경험
• 새로운 기술을 빠르게 습득할 수 있는 학습 역량"
"헤렌
기업정보 보기",백엔드 개발자,브랜다즈 백엔드개발자(자바/코틀린),https://jumpit.saramin.co.kr/position/47539,"Java, · Kotlin, · Spring Boot, · Mybatis, , , , , , , ","• 브랜다즈 서비스 백엔드는 B2C는 자바 17, Core 및 Batch 모듈은 Kotlin 1.9, SpringBoot 2.7 기반 환경에서 개발/운영 중입니다
• 작성된 코드는 프러덕션 반영 전 코드 리뷰를 거칩니다
• 비즈니스를 검증하는 테스트 코드를 필수로 작성하니다
• 기획, 마케팅 파트와 긴밀하게 협업하면서 서비스의 신규 기능을 빠르게 개발하고 레거시 코드를 개선합니다","• 3년차 이상 경력 혹은 이에 준하는 실력을 갖추신 분
• 주어진 비즈니스 요구 사항을 빠르게 이해하고 최적으로 개발할 수 있는 역량을 보유한 분
• 새로운 기술을 학습하여 꾸준히 성장할 수 있는 분
• Java/Kotlin/Spring 을 이용해 개발이 가능하신 분
• RESTful 의 개념을 알고 있으며, REST API 개발 및 운영 경험이 있으신 분
• RDBMS 를 이해하고 데이터 모델링 경험이 있으신 분
• AWS 환경에서 Infrastructure 구축 혹은 운영 경험이 있으신 분

[기술스택]
• Java, Kotlin, SpringBoot, JPA/Hibernate, Mybatis, MariaDB/MySQL, IntelliJ, DataGrip
• Github, Slack, Notion, AWS(SQS, ECS 등 다양한 서비스), Jenkins 등을 이용한 CI/CD 자동화"
"프리윌린
기업정보 보기",백엔드 개발자,매쓰플랫 백엔드 개발자 채용(6년 이상),https://jumpit.saramin.co.kr/position/48543,"TypeScript, · AWS, · Spring, · RDB, · Kotlin","프리윌린의 개발은 높은 수준의 수학교육을 모두에게 제공하기 위한 목표 아래
기획, 개발, 디자인, QA 등 다양한 역할의 구성원들이 같이 모여 노력하고 있습니다.
큰 도약을 앞둔 현 시점에서 앞으로의 성취를 함께하실 유능한 백엔드 개발자를 모십니다.

• 매쓰플랫 서비스 백엔드 개발
• 응답성 높고 확장 가능한 인프라 구축 및 운영
• 변화하는 요구사항에 맞춰 최신 구조 및 기술 도입
• Product Team과 긴밀하게 협업하여 높은 효율성과 고객가치를 실현","• 서버 개발 경력 6년 이상
• Kotlin(Java) 기반 프로그래밍 지식을 보유하신 분
• Spring Boot 이해와 활용이 가능하신 분
• 데이터베이스(RDB/NoSql) 모델 설계, ORM을 활용한 데이터베이스 개발 경험
• AWS 및 Cloud 기반의 개발 및 운영이 가능하신 분"
"윌로그
기업정보 보기",백엔드 개발자,"백엔드 개발자_Node.js, NestJS(10년 이상)",https://jumpit.saramin.co.kr/position/47581,"TypeScript, · NestJS, · GraphQL, , , , ","백엔드 설계 및 개발을 담당합니다.
• 서비스에서 사용되는 API 및 테스트 코드 작성을 통해 서비스 유지 보수성 향상
• 신규 서비스에 대한 API 및 데이터베이스 설계

[ 기술 스택 ]
• Typescript, NestJs
• GraphQL, Rest API
• AWS, Github
• Docker","• 최소 10년 이상의 개발 경력 또는 혹은 그에 준하는 역량을 갖춘 분
• Typescript 을 사용한 NestJs + TypeORM으로 개발을 해본 분
• GraphQL 을 사용한 API 를 개발해본 분
• AWS serverless lambda 에 대한 활용과 개발에 능한 분
• 높은 가용성과 확장 가능성을 가진 시스템을 설계하고 운영한 경험이 있는 분
• 다른 개발자 또는 비개발자와 커뮤니케이션이 원활 한 분"
"아웃스프링
기업정보 보기",백엔드 개발자,백엔드 개발자 채용,https://jumpit.saramin.co.kr/position/48314,"Node.js, · ExpressJS, · MySQL, · MariaDB, , , , , , ","• 웹 서비스 개발(모바일 앱 포함), 경력 3년 이상~ (팀장 레벨 및 시니어 개발자 레벨)
• Back-end 개발
• Front-end 개발 (PC 및 모바일 사용자용 인터페이스 개발)","• 컴퓨터 공학/소프트웨어 공학, 관련 전공
• 경력 3년 이상~ (팀장 혹은 시니어 레벨 개발자)

[Back-ender]
기본 A:
Node/express.js,
MySQL/MariaDB, PostgreSQL
NoSQL (e.g., MongoDB)
단위테스트 및 통합테스트

우대:
TypeScript
Nest.js
SSR(Next.js / Nuxt.js)
Native App(React Native 혹은 Flutter) 개발 경험
Cloud 기반 웹개발 및 배포 (e.g., AWS / Azure / Firebase)
CI/CD 파이프라인 구축 및 관리
AI API 활용

기본 B:
Java
Spring ( SpringBoot )
MySQL/MariaDB, PostgreSQL
NoSQL (e.g., MongoDB)
단위테스트 및 통합테스트

우대:
Android App 개발
Kotlin
Native App(React Native 혹은 Flutter) 개발
Cloud 기반 웹개발 및 배포 (e.g., AWS / Azure / Firebase)
CI/CD 파이프라인 구축 및 관리
AI API 활용

[Front-ender]
역할: 웹서비스 개발 - Front-end Development (PC/Mobile)
기본:
HTML, CSS / PostCSS
JavaScript(모던)
React (혹은 Vue) 
React Native (혹은 Flutter)

우대:
TypeScript
SSR(Next.js 혹은 Nuxt.js)
단위테스트 수행"
"휴먼밸런스
기업정보 보기",백엔드 개발자,자사 서비스 백엔드 개발자 경력 채용,https://jumpit.saramin.co.kr/position/46809,"Java, · AWS, · Node.js, · Swagger UI, , , , ","* 밸런스피터 백엔드 엔지니어는 사용자 경험을 고민하며 기술을 활용해 문제를 해결합니다.
* 직관적이고 확장성 있는 API를 설계하고, 개발 및 유지보수를 통해 사용자 경험을 개선합니다. (Swagger 기반 Open API 포함)
* 안정적인 서비스 운영을 위해 AWS 인프라를 효율적으로 구축하고 최적화합니다. (EC2, S3, PostgreSQL 등)
* 성능 최적화와 코드 품질 개선을 통해 서비스의 안정성과 속도를 높입니다.
* 데이터베이스 구조를 설계하여 원활한 서비스 운영을 지원합니다.
* CI/CD 자동화를 통해 배포 프로세스를 개선합니다.","* 4년 이상의 서버 개발 경험 또는 이에 준하는 역량을 갖추신 분
* Node.js 기반의 백엔드 프레임워크 (Express, Nest) 에 대한 깊은 이해를 보유하신 분
* Typescript를 활용한 상용 서비스 개발 및 운영 경험이 있는 분
* AWS 및 클라우드 환경에서 서비스 구축 및 운영 경험이 있는 분
* Git/Github을 활용한 협업 경험이 있으며, 코드 리뷰와 협업 프로세스에 익숙한 분
* 데이터베이스 성능 최적화 및 트랜잭션 설계 경험이 있는 분"
"EVAR
기업정보 보기",백엔드 개발자,전기차 충전 백엔드 개발자 채용,https://jumpit.saramin.co.kr/position/48933,"AWS, · Docker, · MSA, · Node.js, , , ","EVAR의 백엔드 개발자는 AWS 기반 인프라 구축부터 서버 개발, 프론트엔드 구성까지 다양한 역할을 맡아, 고객 맞춤형 B2B 개발 프로젝트를 주도적으로 이끌어가는 중요한 역할을 하고 있어요!

백엔드 개발자가 속한 Platform 팀은 고객사의 비즈니스 요구 사항에 맞춰 최적화된 솔루션을 제공하며, 유연하고 효율적인 개발을 통해 최고의 결과를 만들어냅니다. 또한 MSA(Micro Software Architecture) 기반의 소프트웨어 아키텍처 수립, 충전 서비스 플랫폼 개발, 데이터 파이프라인 구축 및 관리, 그리고 AWS 인프라 구성을 통해 고객에게 안정적이고 혁신적인 서비스를 제공하는 데 최선을 다하고 있습니다.

• 전기차 충전 서비스 개발 및 유지보수
• 확장성과 유지보수성을 고려한 코드 작성 및 점진적 리팩토링
• 코드 리뷰를 통한 코드 개선
• 소프트웨어 아키텍쳐 수립 및 클라우드 인프라 설계, 관리
• 고객사 맞춤형 B2B 개발 프로젝트","• 웹 기술 전반에 대한 이해
• NestJS 또는 express 기반의 서버 개발 경험
• 요구사항에 기반한 데이터 구조 설계 및 시스템 구현 능력
• 기술적인 문제해결 능력 및 커뮤니케이션 스킬
• 3년 이상의 개발 경력"
"라이터스컴퍼니(쿠키)
기업정보 보기",백엔드 개발자,[Kooky] 백엔드 개발자 (3~6),https://jumpit.saramin.co.kr/position/49086,"Spring Boot, · Java, · Gradle, · MySQL, , ","• 다음 스택을 활용한 서버 개발 및 AWS 서버 관리
　- Kotlin, JAVA, Spring boot, gradle, MySQL, AWS","• Kotlin, JAVA Spring Boot 프로젝트 개발 경험이 있으신 분
• AWS 등 클라우드 환경에 배포, 운영 경험이 있으신 분
• 데이터베이스에 대한 전반적인 이해와 운용 경험이 있으신 분
• git을 이용한 협업에 익숙하신 분
• 기획자 및 디자이너와의 원활한 의사소통 및 협업이 가능하신 분"
"라이터스컴퍼니(쿠키)
기업정보 보기",백엔드 개발자,[Kooky] 백엔드 개발자 (7~10),https://jumpit.saramin.co.kr/position/47643,"Spring Boot, · Java, · Gradle, · MySQL, , ","• 다음 스택을 활용한 서버 개발 및 AWS 서버 관리
　- Kotlin, JAVA, Spring boot, gradle, MySQL, AWS","• Kotlin, JAVA Spring Boot 프로젝트 개발 경험이 있으신 분
• AWS 등 클라우드 환경에 배포, 운영 경험이 있으신 분
• 데이터베이스에 대한 전반적인 이해와 운용 경험이 있으신 분
• git을 이용한 협업에 익숙하신 분
• 기획자 및 디자이너와의 원활한 의사소통 및 협업이 가능하신 분"
"셀디코리아
기업정보 보기",백엔드 개발자,[셀디] 수출 솔루션 백엔드 개발자 모집,https://jumpit.saramin.co.kr/position/47040,"Java, · MySQL, · SQL, · Docker, , , ","[백엔드 직군 1인 채용]
• Java RESTFUL API
• Kubernetes, docker
• CI/CD, Drone, Cloud
• GraphQL, Restful API
• MySQL, Redis, Kafka
• POSTMAN, Dooray","• 4년 이상 백엔드 개발 (Golang 개발 경험자 우대)
• RESTful API에 대한 개발 경험이 있으신 분
• 새로운 것을 배우고 습득하는데 두려움이 없는 분
• 구조적 이해 능력 및 소통 능력 보유자"
"프리윌린
기업정보 보기",백엔드 개발자,Tech Innovation 워킹그룹 백엔드 개발,https://jumpit.saramin.co.kr/position/48544,"TypeScript, · AWS, · Spring, · Kotlin","프리윌린의 개발은 높은 수준의 수학교육을 모두에게 제공하기 위한 목표 아래
기획, 개발, 디자인, QA 등 다양한 역할의 구성원들이 같이 모여 노력하고 있습니다.
큰 도약을 앞둔 현 시점에서 앞으로의 성취를 함께하실 유능한 백엔드 개발자를 모십니다.

• 콘텐츠 저작 도구 백엔드 개발
• 아이디어를 신속하게 개발하고 검증
• 변화하는 요구사항에 맞춰 다양한 기술 활용
• 실무팀과 긴밀하게 협업하여 각 팀의 생산성 향상을 도모 
• AI와 연계하여 기능 개발","• 서버 개발 경력 8년 이상
• Java Spring 또는 Kotlin 필수 
• Golang , Python, Node.js 중 1가지 이상 활용하여 서버를 개발한 경험이 있으신 분
• 데이터베이스 (RDB/NoSQL) 모델 설계, ORM을 활용한 데이터베이스 개발 경험이 있으신 분
• AWS 및 Cloud 기반의 개발 및 운영이 가능하신 분"
"아이트럭
기업정보 보기",백엔드 개발자,백엔드 개발자,https://jumpit.saramin.co.kr/position/49142,"Node.js, · TypeScript, · MySQL, · Ubuntu, , , , ","• Back-end 서버 유지보수 및 관리 (주요기술: NodeJS)
• 아이트럭 어플 및 웹 백엔드 개발 및 운영
• 아이트럭 신규 기능 개발
• 배포 및 인프라운영 및 개선
• 백엔드 효율 개선을 위한 기술 도입 및 관리
• 기존 API, 데이터 모델링 개선","• Node.js 숙련자 및 웹 서비스 이해가 있으신 분
• TypeScript 기반 서버개발 및 운영 경험이 있으신 분
• RESTful API 이해가 높은신 분
• 원활한 커뮤니케이션 능력을 보유하신 분
• 지속적인 성장을 추구하는 개발자
• 필수 스킬: Node.js, TypeScript, MySQL, Ubuntu, GitHub, AWS, JavaScript, RESTful API"
"리비바이오
기업정보 보기",백엔드 개발자,백엔드개발자(Node.js),https://jumpit.saramin.co.kr/position/49061,"Git, · Node.js, · REST API, · AWS","• 신규 프로덕트 개발 및 유지보수
• Restful API 개발
• 서비스 아키텍처 개발 및 개선
• 클라우드 환경에서의 인프라 운영","• 2년 이상의 개발 경력, 혹은 그에 준하는 역량을 보유하신 분
• Node.js를 이용한 웹서비스 및 API서버 개발 능력이 있으신 분
• RDB(MySql, Postgresql) 운용에 필요한 지식이나 경험이 있으신 분
• 프레임워크를 활용한 백엔드 개발 경험이 있으신 분
• 프로그래머라는 직종에 대하여 언제나 즐기고 자부심을 가지는 분
• 팀원과의 원활한 커뮤니케이션이 가능하신 분
• 형상 관리 도구(GIT)을 사용한 경험이 있으신 분"
"위버스브레인
기업정보 보기",백엔드 개발자,백엔드개발자 모집(3년~5년),https://jumpit.saramin.co.kr/position/48981,"PHP, · Git, · Python, · REST API, ","• 프로젝트 설계
• AI 기반 교육 어프리케이션의 API 개발
• 코드 품질 관리","• 3~5년 경력(언어, 프레임워크 무관)
• Python 기반 웹 어플리케이션 서버 개발 경험
• restfulAPI 설계 및 개발 경험
• git 버전 관리 시스템 사용 경험
• RDBMS 및 ORM 사용 경험
• 새로운 기술을 빠르게 습득할 수 있는 학습 역량"
"위버스브레인
기업정보 보기",백엔드 개발자,백엔드개발자 모집(6년~10년),https://jumpit.saramin.co.kr/position/48980,"PHP, · Git, · Python, · REST API, ","• 프로젝트 설계
• AI 기반 교육 어프리케이션의 API 개발
• 코드 품질 관리","• 6~10년 경력(언어, 프레임워크 무관)
• Python 기반 웹 어플리케이션 서버 개발 경험
• restfulAPI 설계 및 개발 경험
• git 버전 관리 시스템 사용 경험
• RDBMS 및 ORM 사용 경험
• 새로운 기술을 빠르게 습득할 수 있는 학습 역량"
"위버스브레인
기업정보 보기",백엔드 개발자,백엔드개발자 모집(11년~15년),https://jumpit.saramin.co.kr/position/48979,"PHP, · Git, · Python, · REST API, ","• 프로젝트 설계
• AI 기반 교육 어프리케이션의 API 개발
• 코드 품질 관리","• 11~15년 경력(언어, 프레임워크 무관)
• Python 기반 웹 어플리케이션 서버 개발 경험
• restfulAPI 설계 및 개발 경험
• git 버전 관리 시스템 사용 경험
• RDBMS 및 ORM 사용 경험
• 새로운 기술을 빠르게 습득할 수 있는 학습 역량"
"헤렌
기업정보 보기",백엔드 개발자,브랜다즈 백엔드개발자(자바/코틀린),https://jumpit.saramin.co.kr/position/47539,"Java, · Kotlin, · Spring Boot, · Mybatis, , , , , , , ","• 브랜다즈 서비스 백엔드는 B2C는 자바 17, Core 및 Batch 모듈은 Kotlin 1.9, SpringBoot 2.7 기반 환경에서 개발/운영 중입니다
• 작성된 코드는 프러덕션 반영 전 코드 리뷰를 거칩니다
• 비즈니스를 검증하는 테스트 코드를 필수로 작성하니다
• 기획, 마케팅 파트와 긴밀하게 협업하면서 서비스의 신규 기능을 빠르게 개발하고 레거시 코드를 개선합니다","• 3년차 이상 경력 혹은 이에 준하는 실력을 갖추신 분
• 주어진 비즈니스 요구 사항을 빠르게 이해하고 최적으로 개발할 수 있는 역량을 보유한 분
• 새로운 기술을 학습하여 꾸준히 성장할 수 있는 분
• Java/Kotlin/Spring 을 이용해 개발이 가능하신 분
• RESTful 의 개념을 알고 있으며, REST API 개발 및 운영 경험이 있으신 분
• RDBMS 를 이해하고 데이터 모델링 경험이 있으신 분
• AWS 환경에서 Infrastructure 구축 혹은 운영 경험이 있으신 분

[기술스택]
• Java, Kotlin, SpringBoot, JPA/Hibernate, Mybatis, MariaDB/MySQL, IntelliJ, DataGrip
• Github, Slack, Notion, AWS(SQS, ECS 등 다양한 서비스), Jenkins 등을 이용한 CI/CD 자동화"
"프리윌린
기업정보 보기",백엔드 개발자,매쓰플랫 백엔드 개발자 채용(6년 이상),https://jumpit.saramin.co.kr/position/48543,"TypeScript, · AWS, · Spring, · RDB, · Kotlin","프리윌린의 개발은 높은 수준의 수학교육을 모두에게 제공하기 위한 목표 아래
기획, 개발, 디자인, QA 등 다양한 역할의 구성원들이 같이 모여 노력하고 있습니다.
큰 도약을 앞둔 현 시점에서 앞으로의 성취를 함께하실 유능한 백엔드 개발자를 모십니다.

• 매쓰플랫 서비스 백엔드 개발
• 응답성 높고 확장 가능한 인프라 구축 및 운영
• 변화하는 요구사항에 맞춰 최신 구조 및 기술 도입
• Product Team과 긴밀하게 협업하여 높은 효율성과 고객가치를 실현","• 서버 개발 경력 6년 이상
• Kotlin(Java) 기반 프로그래밍 지식을 보유하신 분
• Spring Boot 이해와 활용이 가능하신 분
• 데이터베이스(RDB/NoSql) 모델 설계, ORM을 활용한 데이터베이스 개발 경험
• AWS 및 Cloud 기반의 개발 및 운영이 가능하신 분"
"윌로그
기업정보 보기",백엔드 개발자,"백엔드 개발자_Node.js, NestJS(10년 이상)",https://jumpit.saramin.co.kr/position/47581,"TypeScript, · NestJS, · GraphQL, , , , ","백엔드 설계 및 개발을 담당합니다.
• 서비스에서 사용되는 API 및 테스트 코드 작성을 통해 서비스 유지 보수성 향상
• 신규 서비스에 대한 API 및 데이터베이스 설계

[ 기술 스택 ]
• Typescript, NestJs
• GraphQL, Rest API
• AWS, Github
• Docker","• 최소 10년 이상의 개발 경력 또는 혹은 그에 준하는 역량을 갖춘 분
• Typescript 을 사용한 NestJs + TypeORM으로 개발을 해본 분
• GraphQL 을 사용한 API 를 개발해본 분
• AWS serverless lambda 에 대한 활용과 개발에 능한 분
• 높은 가용성과 확장 가능성을 가진 시스템을 설계하고 운영한 경험이 있는 분
• 다른 개발자 또는 비개발자와 커뮤니케이션이 원활 한 분"
"아웃스프링
기업정보 보기",백엔드 개발자,백엔드 개발자 채용,https://jumpit.saramin.co.kr/position/48314,"Node.js, · ExpressJS, · MySQL, · MariaDB, , , , , , ","• 웹 서비스 개발(모바일 앱 포함), 경력 3년 이상~ (팀장 레벨 및 시니어 개발자 레벨)
• Back-end 개발
• Front-end 개발 (PC 및 모바일 사용자용 인터페이스 개발)","• 컴퓨터 공학/소프트웨어 공학, 관련 전공
• 경력 3년 이상~ (팀장 혹은 시니어 레벨 개발자)

[Back-ender]
기본 A:
Node/express.js,
MySQL/MariaDB, PostgreSQL
NoSQL (e.g., MongoDB)
단위테스트 및 통합테스트

우대:
TypeScript
Nest.js
SSR(Next.js / Nuxt.js)
Native App(React Native 혹은 Flutter) 개발 경험
Cloud 기반 웹개발 및 배포 (e.g., AWS / Azure / Firebase)
CI/CD 파이프라인 구축 및 관리
AI API 활용

기본 B:
Java
Spring ( SpringBoot )
MySQL/MariaDB, PostgreSQL
NoSQL (e.g., MongoDB)
단위테스트 및 통합테스트

우대:
Android App 개발
Kotlin
Native App(React Native 혹은 Flutter) 개발
Cloud 기반 웹개발 및 배포 (e.g., AWS / Azure / Firebase)
CI/CD 파이프라인 구축 및 관리
AI API 활용

[Front-ender]
역할: 웹서비스 개발 - Front-end Development (PC/Mobile)
기본:
HTML, CSS / PostCSS
JavaScript(모던)
React (혹은 Vue) 
React Native (혹은 Flutter)

우대:
TypeScript
SSR(Next.js 혹은 Nuxt.js)
단위테스트 수행"
"휴먼밸런스
기업정보 보기",백엔드 개발자,자사 서비스 백엔드 개발자 경력 채용,https://jumpit.saramin.co.kr/position/46809,"Java, · AWS, · Node.js, · Swagger UI, , , , ","* 밸런스피터 백엔드 엔지니어는 사용자 경험을 고민하며 기술을 활용해 문제를 해결합니다.
* 직관적이고 확장성 있는 API를 설계하고, 개발 및 유지보수를 통해 사용자 경험을 개선합니다. (Swagger 기반 Open API 포함)
* 안정적인 서비스 운영을 위해 AWS 인프라를 효율적으로 구축하고 최적화합니다. (EC2, S3, PostgreSQL 등)
* 성능 최적화와 코드 품질 개선을 통해 서비스의 안정성과 속도를 높입니다.
* 데이터베이스 구조를 설계하여 원활한 서비스 운영을 지원합니다.
* CI/CD 자동화를 통해 배포 프로세스를 개선합니다.","* 4년 이상의 서버 개발 경험 또는 이에 준하는 역량을 갖추신 분
* Node.js 기반의 백엔드 프레임워크 (Express, Nest) 에 대한 깊은 이해를 보유하신 분
* Typescript를 활용한 상용 서비스 개발 및 운영 경험이 있는 분
* AWS 및 클라우드 환경에서 서비스 구축 및 운영 경험이 있는 분
* Git/Github을 활용한 협업 경험이 있으며, 코드 리뷰와 협업 프로세스에 익숙한 분
* 데이터베이스 성능 최적화 및 트랜잭션 설계 경험이 있는 분"
"EVAR
기업정보 보기",백엔드 개발자,전기차 충전 백엔드 개발자 채용,https://jumpit.saramin.co.kr/position/48933,"AWS, · Docker, · MSA, · Node.js, , , ","EVAR의 백엔드 개발자는 AWS 기반 인프라 구축부터 서버 개발, 프론트엔드 구성까지 다양한 역할을 맡아, 고객 맞춤형 B2B 개발 프로젝트를 주도적으로 이끌어가는 중요한 역할을 하고 있어요!

백엔드 개발자가 속한 Platform 팀은 고객사의 비즈니스 요구 사항에 맞춰 최적화된 솔루션을 제공하며, 유연하고 효율적인 개발을 통해 최고의 결과를 만들어냅니다. 또한 MSA(Micro Software Architecture) 기반의 소프트웨어 아키텍처 수립, 충전 서비스 플랫폼 개발, 데이터 파이프라인 구축 및 관리, 그리고 AWS 인프라 구성을 통해 고객에게 안정적이고 혁신적인 서비스를 제공하는 데 최선을 다하고 있습니다.

• 전기차 충전 서비스 개발 및 유지보수
• 확장성과 유지보수성을 고려한 코드 작성 및 점진적 리팩토링
• 코드 리뷰를 통한 코드 개선
• 소프트웨어 아키텍쳐 수립 및 클라우드 인프라 설계, 관리
• 고객사 맞춤형 B2B 개발 프로젝트","• 웹 기술 전반에 대한 이해
• NestJS 또는 express 기반의 서버 개발 경험
• 요구사항에 기반한 데이터 구조 설계 및 시스템 구현 능력
• 기술적인 문제해결 능력 및 커뮤니케이션 스킬
• 3년 이상의 개발 경력"
"라이터스컴퍼니(쿠키)
기업정보 보기",백엔드 개발자,[Kooky] 백엔드 개발자 (3~6),https://jumpit.saramin.co.kr/position/49086,"Spring Boot, · Java, · Gradle, · MySQL, , ","• 다음 스택을 활용한 서버 개발 및 AWS 서버 관리
　- Kotlin, JAVA, Spring boot, gradle, MySQL, AWS","• Kotlin, JAVA Spring Boot 프로젝트 개발 경험이 있으신 분
• AWS 등 클라우드 환경에 배포, 운영 경험이 있으신 분
• 데이터베이스에 대한 전반적인 이해와 운용 경험이 있으신 분
• git을 이용한 협업에 익숙하신 분
• 기획자 및 디자이너와의 원활한 의사소통 및 협업이 가능하신 분"
"라이터스컴퍼니(쿠키)
기업정보 보기",백엔드 개발자,[Kooky] 백엔드 개발자 (7~10),https://jumpit.saramin.co.kr/position/47643,"Spring Boot, · Java, · Gradle, · MySQL, , ","• 다음 스택을 활용한 서버 개발 및 AWS 서버 관리
　- Kotlin, JAVA, Spring boot, gradle, MySQL, AWS","• Kotlin, JAVA Spring Boot 프로젝트 개발 경험이 있으신 분
• AWS 등 클라우드 환경에 배포, 운영 경험이 있으신 분
• 데이터베이스에 대한 전반적인 이해와 운용 경험이 있으신 분
• git을 이용한 협업에 익숙하신 분
• 기획자 및 디자이너와의 원활한 의사소통 및 협업이 가능하신 분"
"셀디코리아
기업정보 보기",백엔드 개발자,[셀디] 수출 솔루션 백엔드 개발자 모집,https://jumpit.saramin.co.kr/position/47040,"Java, · MySQL, · SQL, · Docker, , , ","[백엔드 직군 1인 채용]
• Java RESTFUL API
• Kubernetes, docker
• CI/CD, Drone, Cloud
• GraphQL, Restful API
• MySQL, Redis, Kafka
• POSTMAN, Dooray","• 4년 이상 백엔드 개발 (Golang 개발 경험자 우대)
• RESTful API에 대한 개발 경험이 있으신 분
• 새로운 것을 배우고 습득하는데 두려움이 없는 분
• 구조적 이해 능력 및 소통 능력 보유자"
"프리윌린
기업정보 보기",백엔드 개발자,Tech Innovation 워킹그룹 백엔드 개발,https://jumpit.saramin.co.kr/position/48544,"TypeScript, · AWS, · Spring, · Kotlin","프리윌린의 개발은 높은 수준의 수학교육을 모두에게 제공하기 위한 목표 아래
기획, 개발, 디자인, QA 등 다양한 역할의 구성원들이 같이 모여 노력하고 있습니다.
큰 도약을 앞둔 현 시점에서 앞으로의 성취를 함께하실 유능한 백엔드 개발자를 모십니다.

• 콘텐츠 저작 도구 백엔드 개발
• 아이디어를 신속하게 개발하고 검증
• 변화하는 요구사항에 맞춰 다양한 기술 활용
• 실무팀과 긴밀하게 협업하여 각 팀의 생산성 향상을 도모 
• AI와 연계하여 기능 개발","• 서버 개발 경력 8년 이상
• Java Spring 또는 Kotlin 필수 
• Golang , Python, Node.js 중 1가지 이상 활용하여 서버를 개발한 경험이 있으신 분
• 데이터베이스 (RDB/NoSQL) 모델 설계, ORM을 활용한 데이터베이스 개발 경험이 있으신 분
• AWS 및 Cloud 기반의 개발 및 운영이 가능하신 분"
"아이트럭
기업정보 보기",백엔드 개발자,백엔드 개발자,https://jumpit.saramin.co.kr/position/49142,"Node.js, · TypeScript, · MySQL, · Ubuntu, , , , ","• Back-end 서버 유지보수 및 관리 (주요기술: NodeJS)
• 아이트럭 어플 및 웹 백엔드 개발 및 운영
• 아이트럭 신규 기능 개발
• 배포 및 인프라운영 및 개선
• 백엔드 효율 개선을 위한 기술 도입 및 관리
• 기존 API, 데이터 모델링 개선","• Node.js 숙련자 및 웹 서비스 이해가 있으신 분
• TypeScript 기반 서버개발 및 운영 경험이 있으신 분
• RESTful API 이해가 높은신 분
• 원활한 커뮤니케이션 능력을 보유하신 분
• 지속적인 성장을 추구하는 개발자
• 필수 스킬: Node.js, TypeScript, MySQL, Ubuntu, GitHub, AWS, JavaScript, RESTful API"
"리비바이오
기업정보 보기",백엔드 개발자,백엔드개발자(Node.js),https://jumpit.saramin.co.kr/position/49061,"Git, · Node.js, · REST API, · AWS","• 신규 프로덕트 개발 및 유지보수
• Restful API 개발
• 서비스 아키텍처 개발 및 개선
• 클라우드 환경에서의 인프라 운영","• 2년 이상의 개발 경력, 혹은 그에 준하는 역량을 보유하신 분
• Node.js를 이용한 웹서비스 및 API서버 개발 능력이 있으신 분
• RDB(MySql, Postgresql) 운용에 필요한 지식이나 경험이 있으신 분
• 프레임워크를 활용한 백엔드 개발 경험이 있으신 분
• 프로그래머라는 직종에 대하여 언제나 즐기고 자부심을 가지는 분
• 팀원과의 원활한 커뮤니케이션이 가능하신 분
• 형상 관리 도구(GIT)을 사용한 경험이 있으신 분"
"위버스브레인
기업정보 보기",백엔드 개발자,백엔드개발자 모집(3년~5년),https://jumpit.saramin.co.kr/position/48981,"PHP, · Git, · Python, · REST API, ","• 프로젝트 설계
• AI 기반 교육 어프리케이션의 API 개발
• 코드 품질 관리","• 3~5년 경력(언어, 프레임워크 무관)
• Python 기반 웹 어플리케이션 서버 개발 경험
• restfulAPI 설계 및 개발 경험
• git 버전 관리 시스템 사용 경험
• RDBMS 및 ORM 사용 경험
• 새로운 기술을 빠르게 습득할 수 있는 학습 역량"
"위버스브레인
기업정보 보기",백엔드 개발자,백엔드개발자 모집(6년~10년),https://jumpit.saramin.co.kr/position/48980,"PHP, · Git, · Python, · REST API, ","• 프로젝트 설계
• AI 기반 교육 어프리케이션의 API 개발
• 코드 품질 관리","• 6~10년 경력(언어, 프레임워크 무관)
• Python 기반 웹 어플리케이션 서버 개발 경험
• restfulAPI 설계 및 개발 경험
• git 버전 관리 시스템 사용 경험
• RDBMS 및 ORM 사용 경험
• 새로운 기술을 빠르게 습득할 수 있는 학습 역량"
"위버스브레인
기업정보 보기",백엔드 개발자,백엔드개발자 모집(11년~15년),https://jumpit.saramin.co.kr/position/48979,"PHP, · Git, · Python, · REST API, ","• 프로젝트 설계
• AI 기반 교육 어프리케이션의 API 개발
• 코드 품질 관리","• 11~15년 경력(언어, 프레임워크 무관)
• Python 기반 웹 어플리케이션 서버 개발 경험
• restfulAPI 설계 및 개발 경험
• git 버전 관리 시스템 사용 경험
• RDBMS 및 ORM 사용 경험
• 새로운 기술을 빠르게 습득할 수 있는 학습 역량"
"헤렌
기업정보 보기",백엔드 개발자,브랜다즈 백엔드개발자(자바/코틀린),https://jumpit.saramin.co.kr/position/47539,"Java, · Kotlin, · Spring Boot, · Mybatis, , , , , , , ","• 브랜다즈 서비스 백엔드는 B2C는 자바 17, Core 및 Batch 모듈은 Kotlin 1.9, SpringBoot 2.7 기반 환경에서 개발/운영 중입니다
• 작성된 코드는 프러덕션 반영 전 코드 리뷰를 거칩니다
• 비즈니스를 검증하는 테스트 코드를 필수로 작성하니다
• 기획, 마케팅 파트와 긴밀하게 협업하면서 서비스의 신규 기능을 빠르게 개발하고 레거시 코드를 개선합니다","• 3년차 이상 경력 혹은 이에 준하는 실력을 갖추신 분
• 주어진 비즈니스 요구 사항을 빠르게 이해하고 최적으로 개발할 수 있는 역량을 보유한 분
• 새로운 기술을 학습하여 꾸준히 성장할 수 있는 분
• Java/Kotlin/Spring 을 이용해 개발이 가능하신 분
• RESTful 의 개념을 알고 있으며, REST API 개발 및 운영 경험이 있으신 분
• RDBMS 를 이해하고 데이터 모델링 경험이 있으신 분
• AWS 환경에서 Infrastructure 구축 혹은 운영 경험이 있으신 분

[기술스택]
• Java, Kotlin, SpringBoot, JPA/Hibernate, Mybatis, MariaDB/MySQL, IntelliJ, DataGrip
• Github, Slack, Notion, AWS(SQS, ECS 등 다양한 서비스), Jenkins 등을 이용한 CI/CD 자동화"
"프리윌린
기업정보 보기",백엔드 개발자,매쓰플랫 백엔드 개발자 채용(6년 이상),https://jumpit.saramin.co.kr/position/48543,"TypeScript, · AWS, · Spring, · RDB, · Kotlin","프리윌린의 개발은 높은 수준의 수학교육을 모두에게 제공하기 위한 목표 아래
기획, 개발, 디자인, QA 등 다양한 역할의 구성원들이 같이 모여 노력하고 있습니다.
큰 도약을 앞둔 현 시점에서 앞으로의 성취를 함께하실 유능한 백엔드 개발자를 모십니다.

• 매쓰플랫 서비스 백엔드 개발
• 응답성 높고 확장 가능한 인프라 구축 및 운영
• 변화하는 요구사항에 맞춰 최신 구조 및 기술 도입
• Product Team과 긴밀하게 협업하여 높은 효율성과 고객가치를 실현","• 서버 개발 경력 6년 이상
• Kotlin(Java) 기반 프로그래밍 지식을 보유하신 분
• Spring Boot 이해와 활용이 가능하신 분
• 데이터베이스(RDB/NoSql) 모델 설계, ORM을 활용한 데이터베이스 개발 경험
• AWS 및 Cloud 기반의 개발 및 운영이 가능하신 분"
"윌로그
기업정보 보기",백엔드 개발자,"백엔드 개발자_Node.js, NestJS(10년 이상)",https://jumpit.saramin.co.kr/position/47581,"TypeScript, · NestJS, · GraphQL, , , , ","백엔드 설계 및 개발을 담당합니다.
• 서비스에서 사용되는 API 및 테스트 코드 작성을 통해 서비스 유지 보수성 향상
• 신규 서비스에 대한 API 및 데이터베이스 설계

[ 기술 스택 ]
• Typescript, NestJs
• GraphQL, Rest API
• AWS, Github
• Docker","• 최소 10년 이상의 개발 경력 또는 혹은 그에 준하는 역량을 갖춘 분
• Typescript 을 사용한 NestJs + TypeORM으로 개발을 해본 분
• GraphQL 을 사용한 API 를 개발해본 분
• AWS serverless lambda 에 대한 활용과 개발에 능한 분
• 높은 가용성과 확장 가능성을 가진 시스템을 설계하고 운영한 경험이 있는 분
• 다른 개발자 또는 비개발자와 커뮤니케이션이 원활 한 분"
"아웃스프링
기업정보 보기",백엔드 개발자,백엔드 개발자 채용,https://jumpit.saramin.co.kr/position/48314,"Node.js, · ExpressJS, · MySQL, · MariaDB, , , , , , ","• 웹 서비스 개발(모바일 앱 포함), 경력 3년 이상~ (팀장 레벨 및 시니어 개발자 레벨)
• Back-end 개발
• Front-end 개발 (PC 및 모바일 사용자용 인터페이스 개발)","• 컴퓨터 공학/소프트웨어 공학, 관련 전공
• 경력 3년 이상~ (팀장 혹은 시니어 레벨 개발자)

[Back-ender]
기본 A:
Node/express.js,
MySQL/MariaDB, PostgreSQL
NoSQL (e.g., MongoDB)
단위테스트 및 통합테스트

우대:
TypeScript
Nest.js
SSR(Next.js / Nuxt.js)
Native App(React Native 혹은 Flutter) 개발 경험
Cloud 기반 웹개발 및 배포 (e.g., AWS / Azure / Firebase)
CI/CD 파이프라인 구축 및 관리
AI API 활용

기본 B:
Java
Spring ( SpringBoot )
MySQL/MariaDB, PostgreSQL
NoSQL (e.g., MongoDB)
단위테스트 및 통합테스트

우대:
Android App 개발
Kotlin
Native App(React Native 혹은 Flutter) 개발
Cloud 기반 웹개발 및 배포 (e.g., AWS / Azure / Firebase)
CI/CD 파이프라인 구축 및 관리
AI API 활용

[Front-ender]
역할: 웹서비스 개발 - Front-end Development (PC/Mobile)
기본:
HTML, CSS / PostCSS
JavaScript(모던)
React (혹은 Vue) 
React Native (혹은 Flutter)

우대:
TypeScript
SSR(Next.js 혹은 Nuxt.js)
단위테스트 수행"
"휴먼밸런스
기업정보 보기",백엔드 개발자,자사 서비스 백엔드 개발자 경력 채용,https://jumpit.saramin.co.kr/position/46809,"Java, · AWS, · Node.js, · Swagger UI, , , , ","* 밸런스피터 백엔드 엔지니어는 사용자 경험을 고민하며 기술을 활용해 문제를 해결합니다.
* 직관적이고 확장성 있는 API를 설계하고, 개발 및 유지보수를 통해 사용자 경험을 개선합니다. (Swagger 기반 Open API 포함)
* 안정적인 서비스 운영을 위해 AWS 인프라를 효율적으로 구축하고 최적화합니다. (EC2, S3, PostgreSQL 등)
* 성능 최적화와 코드 품질 개선을 통해 서비스의 안정성과 속도를 높입니다.
* 데이터베이스 구조를 설계하여 원활한 서비스 운영을 지원합니다.
* CI/CD 자동화를 통해 배포 프로세스를 개선합니다.","* 4년 이상의 서버 개발 경험 또는 이에 준하는 역량을 갖추신 분
* Node.js 기반의 백엔드 프레임워크 (Express, Nest) 에 대한 깊은 이해를 보유하신 분
* Typescript를 활용한 상용 서비스 개발 및 운영 경험이 있는 분
* AWS 및 클라우드 환경에서 서비스 구축 및 운영 경험이 있는 분
* Git/Github을 활용한 협업 경험이 있으며, 코드 리뷰와 협업 프로세스에 익숙한 분
* 데이터베이스 성능 최적화 및 트랜잭션 설계 경험이 있는 분"
"EVAR
기업정보 보기",백엔드 개발자,전기차 충전 백엔드 개발자 채용,https://jumpit.saramin.co.kr/position/48933,"AWS, · Docker, · MSA, · Node.js, , , ","EVAR의 백엔드 개발자는 AWS 기반 인프라 구축부터 서버 개발, 프론트엔드 구성까지 다양한 역할을 맡아, 고객 맞춤형 B2B 개발 프로젝트를 주도적으로 이끌어가는 중요한 역할을 하고 있어요!

백엔드 개발자가 속한 Platform 팀은 고객사의 비즈니스 요구 사항에 맞춰 최적화된 솔루션을 제공하며, 유연하고 효율적인 개발을 통해 최고의 결과를 만들어냅니다. 또한 MSA(Micro Software Architecture) 기반의 소프트웨어 아키텍처 수립, 충전 서비스 플랫폼 개발, 데이터 파이프라인 구축 및 관리, 그리고 AWS 인프라 구성을 통해 고객에게 안정적이고 혁신적인 서비스를 제공하는 데 최선을 다하고 있습니다.

• 전기차 충전 서비스 개발 및 유지보수
• 확장성과 유지보수성을 고려한 코드 작성 및 점진적 리팩토링
• 코드 리뷰를 통한 코드 개선
• 소프트웨어 아키텍쳐 수립 및 클라우드 인프라 설계, 관리
• 고객사 맞춤형 B2B 개발 프로젝트","• 웹 기술 전반에 대한 이해
• NestJS 또는 express 기반의 서버 개발 경험
• 요구사항에 기반한 데이터 구조 설계 및 시스템 구현 능력
• 기술적인 문제해결 능력 및 커뮤니케이션 스킬
• 3년 이상의 개발 경력"
"라이터스컴퍼니(쿠키)
기업정보 보기",백엔드 개발자,[Kooky] 백엔드 개발자 (3~6),https://jumpit.saramin.co.kr/position/49086,"Spring Boot, · Java, · Gradle, · MySQL, , ","• 다음 스택을 활용한 서버 개발 및 AWS 서버 관리
　- Kotlin, JAVA, Spring boot, gradle, MySQL, AWS","• Kotlin, JAVA Spring Boot 프로젝트 개발 경험이 있으신 분
• AWS 등 클라우드 환경에 배포, 운영 경험이 있으신 분
• 데이터베이스에 대한 전반적인 이해와 운용 경험이 있으신 분
• git을 이용한 협업에 익숙하신 분
• 기획자 및 디자이너와의 원활한 의사소통 및 협업이 가능하신 분"
"라이터스컴퍼니(쿠키)
기업정보 보기",백엔드 개발자,[Kooky] 백엔드 개발자 (7~10),https://jumpit.saramin.co.kr/position/47643,"Spring Boot, · Java, · Gradle, · MySQL, , ","• 다음 스택을 활용한 서버 개발 및 AWS 서버 관리
　- Kotlin, JAVA, Spring boot, gradle, MySQL, AWS","• Kotlin, JAVA Spring Boot 프로젝트 개발 경험이 있으신 분
• AWS 등 클라우드 환경에 배포, 운영 경험이 있으신 분
• 데이터베이스에 대한 전반적인 이해와 운용 경험이 있으신 분
• git을 이용한 협업에 익숙하신 분
• 기획자 및 디자이너와의 원활한 의사소통 및 협업이 가능하신 분"
"셀디코리아
기업정보 보기",백엔드 개발자,[셀디] 수출 솔루션 백엔드 개발자 모집,https://jumpit.saramin.co.kr/position/47040,"Java, · MySQL, · SQL, · Docker, , , ","[백엔드 직군 1인 채용]
• Java RESTFUL API
• Kubernetes, docker
• CI/CD, Drone, Cloud
• GraphQL, Restful API
• MySQL, Redis, Kafka
• POSTMAN, Dooray","• 4년 이상 백엔드 개발 (Golang 개발 경험자 우대)
• RESTful API에 대한 개발 경험이 있으신 분
• 새로운 것을 배우고 습득하는데 두려움이 없는 분
• 구조적 이해 능력 및 소통 능력 보유자"
"프리윌린
기업정보 보기",백엔드 개발자,Tech Innovation 워킹그룹 백엔드 개발,https://jumpit.saramin.co.kr/position/48544,"TypeScript, · AWS, · Spring, · Kotlin","프리윌린의 개발은 높은 수준의 수학교육을 모두에게 제공하기 위한 목표 아래
기획, 개발, 디자인, QA 등 다양한 역할의 구성원들이 같이 모여 노력하고 있습니다.
큰 도약을 앞둔 현 시점에서 앞으로의 성취를 함께하실 유능한 백엔드 개발자를 모십니다.

• 콘텐츠 저작 도구 백엔드 개발
• 아이디어를 신속하게 개발하고 검증
• 변화하는 요구사항에 맞춰 다양한 기술 활용
• 실무팀과 긴밀하게 협업하여 각 팀의 생산성 향상을 도모 
• AI와 연계하여 기능 개발","• 서버 개발 경력 8년 이상
• Java Spring 또는 Kotlin 필수 
• Golang , Python, Node.js 중 1가지 이상 활용하여 서버를 개발한 경험이 있으신 분
• 데이터베이스 (RDB/NoSQL) 모델 설계, ORM을 활용한 데이터베이스 개발 경험이 있으신 분
• AWS 및 Cloud 기반의 개발 및 운영이 가능하신 분"
"아이트럭
기업정보 보기",백엔드 개발자,백엔드 개발자,https://jumpit.saramin.co.kr/position/49142,"Node.js, · TypeScript, · MySQL, · Ubuntu, , , , ","• Back-end 서버 유지보수 및 관리 (주요기술: NodeJS)
• 아이트럭 어플 및 웹 백엔드 개발 및 운영
• 아이트럭 신규 기능 개발
• 배포 및 인프라운영 및 개선
• 백엔드 효율 개선을 위한 기술 도입 및 관리
• 기존 API, 데이터 모델링 개선","• Node.js 숙련자 및 웹 서비스 이해가 있으신 분
• TypeScript 기반 서버개발 및 운영 경험이 있으신 분
• RESTful API 이해가 높은신 분
• 원활한 커뮤니케이션 능력을 보유하신 분
• 지속적인 성장을 추구하는 개발자
• 필수 스킬: Node.js, TypeScript, MySQL, Ubuntu, GitHub, AWS, JavaScript, RESTful API"
"리비바이오
기업정보 보기",백엔드 개발자,백엔드개발자(Node.js),https://jumpit.saramin.co.kr/position/49061,"Git, · Node.js, · REST API, · AWS","• 신규 프로덕트 개발 및 유지보수
• Restful API 개발
• 서비스 아키텍처 개발 및 개선
• 클라우드 환경에서의 인프라 운영","• 2년 이상의 개발 경력, 혹은 그에 준하는 역량을 보유하신 분
• Node.js를 이용한 웹서비스 및 API서버 개발 능력이 있으신 분
• RDB(MySql, Postgresql) 운용에 필요한 지식이나 경험이 있으신 분
• 프레임워크를 활용한 백엔드 개발 경험이 있으신 분
• 프로그래머라는 직종에 대하여 언제나 즐기고 자부심을 가지는 분
• 팀원과의 원활한 커뮤니케이션이 가능하신 분
• 형상 관리 도구(GIT)을 사용한 경험이 있으신 분"
"위버스브레인
기업정보 보기",백엔드 개발자,백엔드개발자 모집(3년~5년),https://jumpit.saramin.co.kr/position/48981,"PHP, · Git, · Python, · REST API, ","• 프로젝트 설계
• AI 기반 교육 어프리케이션의 API 개발
• 코드 품질 관리","• 3~5년 경력(언어, 프레임워크 무관)
• Python 기반 웹 어플리케이션 서버 개발 경험
• restfulAPI 설계 및 개발 경험
• git 버전 관리 시스템 사용 경험
• RDBMS 및 ORM 사용 경험
• 새로운 기술을 빠르게 습득할 수 있는 학습 역량"
"위버스브레인
기업정보 보기",백엔드 개발자,백엔드개발자 모집(6년~10년),https://jumpit.saramin.co.kr/position/48980,"PHP, · Git, · Python, · REST API, ","• 프로젝트 설계
• AI 기반 교육 어프리케이션의 API 개발
• 코드 품질 관리","• 6~10년 경력(언어, 프레임워크 무관)
• Python 기반 웹 어플리케이션 서버 개발 경험
• restfulAPI 설계 및 개발 경험
• git 버전 관리 시스템 사용 경험
• RDBMS 및 ORM 사용 경험
• 새로운 기술을 빠르게 습득할 수 있는 학습 역량"
"위버스브레인
기업정보 보기",백엔드 개발자,백엔드개발자 모집(11년~15년),https://jumpit.saramin.co.kr/position/48979,"PHP, · Git, · Python, · REST API, ","• 프로젝트 설계
• AI 기반 교육 어프리케이션의 API 개발
• 코드 품질 관리","• 11~15년 경력(언어, 프레임워크 무관)
• Python 기반 웹 어플리케이션 서버 개발 경험
• restfulAPI 설계 및 개발 경험
• git 버전 관리 시스템 사용 경험
• RDBMS 및 ORM 사용 경험
• 새로운 기술을 빠르게 습득할 수 있는 학습 역량"
"헤렌
기업정보 보기",백엔드 개발자,브랜다즈 백엔드개발자(자바/코틀린),https://jumpit.saramin.co.kr/position/47539,"Java, · Kotlin, · Spring Boot, · Mybatis, , , , , , , ","• 브랜다즈 서비스 백엔드는 B2C는 자바 17, Core 및 Batch 모듈은 Kotlin 1.9, SpringBoot 2.7 기반 환경에서 개발/운영 중입니다
• 작성된 코드는 프러덕션 반영 전 코드 리뷰를 거칩니다
• 비즈니스를 검증하는 테스트 코드를 필수로 작성하니다
• 기획, 마케팅 파트와 긴밀하게 협업하면서 서비스의 신규 기능을 빠르게 개발하고 레거시 코드를 개선합니다","• 3년차 이상 경력 혹은 이에 준하는 실력을 갖추신 분
• 주어진 비즈니스 요구 사항을 빠르게 이해하고 최적으로 개발할 수 있는 역량을 보유한 분
• 새로운 기술을 학습하여 꾸준히 성장할 수 있는 분
• Java/Kotlin/Spring 을 이용해 개발이 가능하신 분
• RESTful 의 개념을 알고 있으며, REST API 개발 및 운영 경험이 있으신 분
• RDBMS 를 이해하고 데이터 모델링 경험이 있으신 분
• AWS 환경에서 Infrastructure 구축 혹은 운영 경험이 있으신 분

[기술스택]
• Java, Kotlin, SpringBoot, JPA/Hibernate, Mybatis, MariaDB/MySQL, IntelliJ, DataGrip
• Github, Slack, Notion, AWS(SQS, ECS 등 다양한 서비스), Jenkins 등을 이용한 CI/CD 자동화"
"프리윌린
기업정보 보기",백엔드 개발자,매쓰플랫 백엔드 개발자 채용(6년 이상),https://jumpit.saramin.co.kr/position/48543,"TypeScript, · AWS, · Spring, · RDB, · Kotlin","프리윌린의 개발은 높은 수준의 수학교육을 모두에게 제공하기 위한 목표 아래
기획, 개발, 디자인, QA 등 다양한 역할의 구성원들이 같이 모여 노력하고 있습니다.
큰 도약을 앞둔 현 시점에서 앞으로의 성취를 함께하실 유능한 백엔드 개발자를 모십니다.

• 매쓰플랫 서비스 백엔드 개발
• 응답성 높고 확장 가능한 인프라 구축 및 운영
• 변화하는 요구사항에 맞춰 최신 구조 및 기술 도입
• Product Team과 긴밀하게 협업하여 높은 효율성과 고객가치를 실현","• 서버 개발 경력 6년 이상
• Kotlin(Java) 기반 프로그래밍 지식을 보유하신 분
• Spring Boot 이해와 활용이 가능하신 분
• 데이터베이스(RDB/NoSql) 모델 설계, ORM을 활용한 데이터베이스 개발 경험
• AWS 및 Cloud 기반의 개발 및 운영이 가능하신 분"
"윌로그
기업정보 보기",백엔드 개발자,"백엔드 개발자_Node.js, NestJS(10년 이상)",https://jumpit.saramin.co.kr/position/47581,"TypeScript, · NestJS, · GraphQL, , , , ","백엔드 설계 및 개발을 담당합니다.
• 서비스에서 사용되는 API 및 테스트 코드 작성을 통해 서비스 유지 보수성 향상
• 신규 서비스에 대한 API 및 데이터베이스 설계

[ 기술 스택 ]
• Typescript, NestJs
• GraphQL, Rest API
• AWS, Github
• Docker","• 최소 10년 이상의 개발 경력 또는 혹은 그에 준하는 역량을 갖춘 분
• Typescript 을 사용한 NestJs + TypeORM으로 개발을 해본 분
• GraphQL 을 사용한 API 를 개발해본 분
• AWS serverless lambda 에 대한 활용과 개발에 능한 분
• 높은 가용성과 확장 가능성을 가진 시스템을 설계하고 운영한 경험이 있는 분
• 다른 개발자 또는 비개발자와 커뮤니케이션이 원활 한 분"
"아웃스프링
기업정보 보기",백엔드 개발자,백엔드 개발자 채용,https://jumpit.saramin.co.kr/position/48314,"Node.js, · ExpressJS, · MySQL, · MariaDB, , , , , , ","• 웹 서비스 개발(모바일 앱 포함), 경력 3년 이상~ (팀장 레벨 및 시니어 개발자 레벨)
• Back-end 개발
• Front-end 개발 (PC 및 모바일 사용자용 인터페이스 개발)","• 컴퓨터 공학/소프트웨어 공학, 관련 전공
• 경력 3년 이상~ (팀장 혹은 시니어 레벨 개발자)

[Back-ender]
기본 A:
Node/express.js,
MySQL/MariaDB, PostgreSQL
NoSQL (e.g., MongoDB)
단위테스트 및 통합테스트

우대:
TypeScript
Nest.js
SSR(Next.js / Nuxt.js)
Native App(React Native 혹은 Flutter) 개발 경험
Cloud 기반 웹개발 및 배포 (e.g., AWS / Azure / Firebase)
CI/CD 파이프라인 구축 및 관리
AI API 활용

기본 B:
Java
Spring ( SpringBoot )
MySQL/MariaDB, PostgreSQL
NoSQL (e.g., MongoDB)
단위테스트 및 통합테스트

우대:
Android App 개발
Kotlin
Native App(React Native 혹은 Flutter) 개발
Cloud 기반 웹개발 및 배포 (e.g., AWS / Azure / Firebase)
CI/CD 파이프라인 구축 및 관리
AI API 활용

[Front-ender]
역할: 웹서비스 개발 - Front-end Development (PC/Mobile)
기본:
HTML, CSS / PostCSS
JavaScript(모던)
React (혹은 Vue) 
React Native (혹은 Flutter)

우대:
TypeScript
SSR(Next.js 혹은 Nuxt.js)
단위테스트 수행"
"휴먼밸런스
기업정보 보기",백엔드 개발자,자사 서비스 백엔드 개발자 경력 채용,https://jumpit.saramin.co.kr/position/46809,"Java, · AWS, · Node.js, · Swagger UI, , , , ","* 밸런스피터 백엔드 엔지니어는 사용자 경험을 고민하며 기술을 활용해 문제를 해결합니다.
* 직관적이고 확장성 있는 API를 설계하고, 개발 및 유지보수를 통해 사용자 경험을 개선합니다. (Swagger 기반 Open API 포함)
* 안정적인 서비스 운영을 위해 AWS 인프라를 효율적으로 구축하고 최적화합니다. (EC2, S3, PostgreSQL 등)
* 성능 최적화와 코드 품질 개선을 통해 서비스의 안정성과 속도를 높입니다.
* 데이터베이스 구조를 설계하여 원활한 서비스 운영을 지원합니다.
* CI/CD 자동화를 통해 배포 프로세스를 개선합니다.","* 4년 이상의 서버 개발 경험 또는 이에 준하는 역량을 갖추신 분
* Node.js 기반의 백엔드 프레임워크 (Express, Nest) 에 대한 깊은 이해를 보유하신 분
* Typescript를 활용한 상용 서비스 개발 및 운영 경험이 있는 분
* AWS 및 클라우드 환경에서 서비스 구축 및 운영 경험이 있는 분
* Git/Github을 활용한 협업 경험이 있으며, 코드 리뷰와 협업 프로세스에 익숙한 분
* 데이터베이스 성능 최적화 및 트랜잭션 설계 경험이 있는 분"
"EVAR
기업정보 보기",백엔드 개발자,전기차 충전 백엔드 개발자 채용,https://jumpit.saramin.co.kr/position/48933,"AWS, · Docker, · MSA, · Node.js, , , ","EVAR의 백엔드 개발자는 AWS 기반 인프라 구축부터 서버 개발, 프론트엔드 구성까지 다양한 역할을 맡아, 고객 맞춤형 B2B 개발 프로젝트를 주도적으로 이끌어가는 중요한 역할을 하고 있어요!

백엔드 개발자가 속한 Platform 팀은 고객사의 비즈니스 요구 사항에 맞춰 최적화된 솔루션을 제공하며, 유연하고 효율적인 개발을 통해 최고의 결과를 만들어냅니다. 또한 MSA(Micro Software Architecture) 기반의 소프트웨어 아키텍처 수립, 충전 서비스 플랫폼 개발, 데이터 파이프라인 구축 및 관리, 그리고 AWS 인프라 구성을 통해 고객에게 안정적이고 혁신적인 서비스를 제공하는 데 최선을 다하고 있습니다.

• 전기차 충전 서비스 개발 및 유지보수
• 확장성과 유지보수성을 고려한 코드 작성 및 점진적 리팩토링
• 코드 리뷰를 통한 코드 개선
• 소프트웨어 아키텍쳐 수립 및 클라우드 인프라 설계, 관리
• 고객사 맞춤형 B2B 개발 프로젝트","• 웹 기술 전반에 대한 이해
• NestJS 또는 express 기반의 서버 개발 경험
• 요구사항에 기반한 데이터 구조 설계 및 시스템 구현 능력
• 기술적인 문제해결 능력 및 커뮤니케이션 스킬
• 3년 이상의 개발 경력"
"라이터스컴퍼니(쿠키)
기업정보 보기",백엔드 개발자,[Kooky] 백엔드 개발자 (3~6),https://jumpit.saramin.co.kr/position/49086,"Spring Boot, · Java, · Gradle, · MySQL, , ","• 다음 스택을 활용한 서버 개발 및 AWS 서버 관리
　- Kotlin, JAVA, Spring boot, gradle, MySQL, AWS","• Kotlin, JAVA Spring Boot 프로젝트 개발 경험이 있으신 분
• AWS 등 클라우드 환경에 배포, 운영 경험이 있으신 분
• 데이터베이스에 대한 전반적인 이해와 운용 경험이 있으신 분
• git을 이용한 협업에 익숙하신 분
• 기획자 및 디자이너와의 원활한 의사소통 및 협업이 가능하신 분"
"라이터스컴퍼니(쿠키)
기업정보 보기",백엔드 개발자,[Kooky] 백엔드 개발자 (7~10),https://jumpit.saramin.co.kr/position/47643,"Spring Boot, · Java, · Gradle, · MySQL, , ","• 다음 스택을 활용한 서버 개발 및 AWS 서버 관리
　- Kotlin, JAVA, Spring boot, gradle, MySQL, AWS","• Kotlin, JAVA Spring Boot 프로젝트 개발 경험이 있으신 분
• AWS 등 클라우드 환경에 배포, 운영 경험이 있으신 분
• 데이터베이스에 대한 전반적인 이해와 운용 경험이 있으신 분
• git을 이용한 협업에 익숙하신 분
• 기획자 및 디자이너와의 원활한 의사소통 및 협업이 가능하신 분"
"셀디코리아
기업정보 보기",백엔드 개발자,[셀디] 수출 솔루션 백엔드 개발자 모집,https://jumpit.saramin.co.kr/position/47040,"Java, · MySQL, · SQL, · Docker, , , ","[백엔드 직군 1인 채용]
• Java RESTFUL API
• Kubernetes, docker
• CI/CD, Drone, Cloud
• GraphQL, Restful API
• MySQL, Redis, Kafka
• POSTMAN, Dooray","• 4년 이상 백엔드 개발 (Golang 개발 경험자 우대)
• RESTful API에 대한 개발 경험이 있으신 분
• 새로운 것을 배우고 습득하는데 두려움이 없는 분
• 구조적 이해 능력 및 소통 능력 보유자"
"프리윌린
기업정보 보기",백엔드 개발자,Tech Innovation 워킹그룹 백엔드 개발,https://jumpit.saramin.co.kr/position/48544,"TypeScript, · AWS, · Spring, · Kotlin","프리윌린의 개발은 높은 수준의 수학교육을 모두에게 제공하기 위한 목표 아래
기획, 개발, 디자인, QA 등 다양한 역할의 구성원들이 같이 모여 노력하고 있습니다.
큰 도약을 앞둔 현 시점에서 앞으로의 성취를 함께하실 유능한 백엔드 개발자를 모십니다.

• 콘텐츠 저작 도구 백엔드 개발
• 아이디어를 신속하게 개발하고 검증
• 변화하는 요구사항에 맞춰 다양한 기술 활용
• 실무팀과 긴밀하게 협업하여 각 팀의 생산성 향상을 도모 
• AI와 연계하여 기능 개발","• 서버 개발 경력 8년 이상
• Java Spring 또는 Kotlin 필수 
• Golang , Python, Node.js 중 1가지 이상 활용하여 서버를 개발한 경험이 있으신 분
• 데이터베이스 (RDB/NoSQL) 모델 설계, ORM을 활용한 데이터베이스 개발 경험이 있으신 분
• AWS 및 Cloud 기반의 개발 및 운영이 가능하신 분"
"아이트럭
기업정보 보기",백엔드 개발자,백엔드 개발자,https://jumpit.saramin.co.kr/position/49142,"Node.js, · TypeScript, · MySQL, · Ubuntu, , , , ","• Back-end 서버 유지보수 및 관리 (주요기술: NodeJS)
• 아이트럭 어플 및 웹 백엔드 개발 및 운영
• 아이트럭 신규 기능 개발
• 배포 및 인프라운영 및 개선
• 백엔드 효율 개선을 위한 기술 도입 및 관리
• 기존 API, 데이터 모델링 개선","• Node.js 숙련자 및 웹 서비스 이해가 있으신 분
• TypeScript 기반 서버개발 및 운영 경험이 있으신 분
• RESTful API 이해가 높은신 분
• 원활한 커뮤니케이션 능력을 보유하신 분
• 지속적인 성장을 추구하는 개발자
• 필수 스킬: Node.js, TypeScript, MySQL, Ubuntu, GitHub, AWS, JavaScript, RESTful API"
"리비바이오
기업정보 보기",백엔드 개발자,백엔드개발자(Node.js),https://jumpit.saramin.co.kr/position/49061,"Git, · Node.js, · REST API, · AWS","• 신규 프로덕트 개발 및 유지보수
• Restful API 개발
• 서비스 아키텍처 개발 및 개선
• 클라우드 환경에서의 인프라 운영","• 2년 이상의 개발 경력, 혹은 그에 준하는 역량을 보유하신 분
• Node.js를 이용한 웹서비스 및 API서버 개발 능력이 있으신 분
• RDB(MySql, Postgresql) 운용에 필요한 지식이나 경험이 있으신 분
• 프레임워크를 활용한 백엔드 개발 경험이 있으신 분
• 프로그래머라는 직종에 대하여 언제나 즐기고 자부심을 가지는 분
• 팀원과의 원활한 커뮤니케이션이 가능하신 분
• 형상 관리 도구(GIT)을 사용한 경험이 있으신 분"
"위버스브레인
기업정보 보기",백엔드 개발자,백엔드개발자 모집(3년~5년),https://jumpit.saramin.co.kr/position/48981,"PHP, · Git, · Python, · REST API, ","• 프로젝트 설계
• AI 기반 교육 어프리케이션의 API 개발
• 코드 품질 관리","• 3~5년 경력(언어, 프레임워크 무관)
• Python 기반 웹 어플리케이션 서버 개발 경험
• restfulAPI 설계 및 개발 경험
• git 버전 관리 시스템 사용 경험
• RDBMS 및 ORM 사용 경험
• 새로운 기술을 빠르게 습득할 수 있는 학습 역량"
"위버스브레인
기업정보 보기",백엔드 개발자,백엔드개발자 모집(6년~10년),https://jumpit.saramin.co.kr/position/48980,"PHP, · Git, · Python, · REST API, ","• 프로젝트 설계
• AI 기반 교육 어프리케이션의 API 개발
• 코드 품질 관리","• 6~10년 경력(언어, 프레임워크 무관)
• Python 기반 웹 어플리케이션 서버 개발 경험
• restfulAPI 설계 및 개발 경험
• git 버전 관리 시스템 사용 경험
• RDBMS 및 ORM 사용 경험
• 새로운 기술을 빠르게 습득할 수 있는 학습 역량"
"위버스브레인
기업정보 보기",백엔드 개발자,백엔드개발자 모집(11년~15년),https://jumpit.saramin.co.kr/position/48979,"PHP, · Git, · Python, · REST API, ","• 프로젝트 설계
• AI 기반 교육 어프리케이션의 API 개발
• 코드 품질 관리","• 11~15년 경력(언어, 프레임워크 무관)
• Python 기반 웹 어플리케이션 서버 개발 경험
• restfulAPI 설계 및 개발 경험
• git 버전 관리 시스템 사용 경험
• RDBMS 및 ORM 사용 경험
• 새로운 기술을 빠르게 습득할 수 있는 학습 역량"
"헤렌
기업정보 보기",백엔드 개발자,브랜다즈 백엔드개발자(자바/코틀린),https://jumpit.saramin.co.kr/position/47539,"Java, · Kotlin, · Spring Boot, · Mybatis, , , , , , , ","• 브랜다즈 서비스 백엔드는 B2C는 자바 17, Core 및 Batch 모듈은 Kotlin 1.9, SpringBoot 2.7 기반 환경에서 개발/운영 중입니다
• 작성된 코드는 프러덕션 반영 전 코드 리뷰를 거칩니다
• 비즈니스를 검증하는 테스트 코드를 필수로 작성하니다
• 기획, 마케팅 파트와 긴밀하게 협업하면서 서비스의 신규 기능을 빠르게 개발하고 레거시 코드를 개선합니다","• 3년차 이상 경력 혹은 이에 준하는 실력을 갖추신 분
• 주어진 비즈니스 요구 사항을 빠르게 이해하고 최적으로 개발할 수 있는 역량을 보유한 분
• 새로운 기술을 학습하여 꾸준히 성장할 수 있는 분
• Java/Kotlin/Spring 을 이용해 개발이 가능하신 분
• RESTful 의 개념을 알고 있으며, REST API 개발 및 운영 경험이 있으신 분
• RDBMS 를 이해하고 데이터 모델링 경험이 있으신 분
• AWS 환경에서 Infrastructure 구축 혹은 운영 경험이 있으신 분

[기술스택]
• Java, Kotlin, SpringBoot, JPA/Hibernate, Mybatis, MariaDB/MySQL, IntelliJ, DataGrip
• Github, Slack, Notion, AWS(SQS, ECS 등 다양한 서비스), Jenkins 등을 이용한 CI/CD 자동화"
"프리윌린
기업정보 보기",백엔드 개발자,매쓰플랫 백엔드 개발자 채용(6년 이상),https://jumpit.saramin.co.kr/position/48543,"TypeScript, · AWS, · Spring, · RDB, · Kotlin","프리윌린의 개발은 높은 수준의 수학교육을 모두에게 제공하기 위한 목표 아래
기획, 개발, 디자인, QA 등 다양한 역할의 구성원들이 같이 모여 노력하고 있습니다.
큰 도약을 앞둔 현 시점에서 앞으로의 성취를 함께하실 유능한 백엔드 개발자를 모십니다.

• 매쓰플랫 서비스 백엔드 개발
• 응답성 높고 확장 가능한 인프라 구축 및 운영
• 변화하는 요구사항에 맞춰 최신 구조 및 기술 도입
• Product Team과 긴밀하게 협업하여 높은 효율성과 고객가치를 실현","• 서버 개발 경력 6년 이상
• Kotlin(Java) 기반 프로그래밍 지식을 보유하신 분
• Spring Boot 이해와 활용이 가능하신 분
• 데이터베이스(RDB/NoSql) 모델 설계, ORM을 활용한 데이터베이스 개발 경험
• AWS 및 Cloud 기반의 개발 및 운영이 가능하신 분"
"윌로그
기업정보 보기",백엔드 개발자,"백엔드 개발자_Node.js, NestJS(10년 이상)",https://jumpit.saramin.co.kr/position/47581,"TypeScript, · NestJS, · GraphQL, , , , ","백엔드 설계 및 개발을 담당합니다.
• 서비스에서 사용되는 API 및 테스트 코드 작성을 통해 서비스 유지 보수성 향상
• 신규 서비스에 대한 API 및 데이터베이스 설계

[ 기술 스택 ]
• Typescript, NestJs
• GraphQL, Rest API
• AWS, Github
• Docker","• 최소 10년 이상의 개발 경력 또는 혹은 그에 준하는 역량을 갖춘 분
• Typescript 을 사용한 NestJs + TypeORM으로 개발을 해본 분
• GraphQL 을 사용한 API 를 개발해본 분
• AWS serverless lambda 에 대한 활용과 개발에 능한 분
• 높은 가용성과 확장 가능성을 가진 시스템을 설계하고 운영한 경험이 있는 분
• 다른 개발자 또는 비개발자와 커뮤니케이션이 원활 한 분"
"아웃스프링
기업정보 보기",백엔드 개발자,백엔드 개발자 채용,https://jumpit.saramin.co.kr/position/48314,"Node.js, · ExpressJS, · MySQL, · MariaDB, , , , , , ","• 웹 서비스 개발(모바일 앱 포함), 경력 3년 이상~ (팀장 레벨 및 시니어 개발자 레벨)
• Back-end 개발
• Front-end 개발 (PC 및 모바일 사용자용 인터페이스 개발)","• 컴퓨터 공학/소프트웨어 공학, 관련 전공
• 경력 3년 이상~ (팀장 혹은 시니어 레벨 개발자)

[Back-ender]
기본 A:
Node/express.js,
MySQL/MariaDB, PostgreSQL
NoSQL (e.g., MongoDB)
단위테스트 및 통합테스트

우대:
TypeScript
Nest.js
SSR(Next.js / Nuxt.js)
Native App(React Native 혹은 Flutter) 개발 경험
Cloud 기반 웹개발 및 배포 (e.g., AWS / Azure / Firebase)
CI/CD 파이프라인 구축 및 관리
AI API 활용

기본 B:
Java
Spring ( SpringBoot )
MySQL/MariaDB, PostgreSQL
NoSQL (e.g., MongoDB)
단위테스트 및 통합테스트

우대:
Android App 개발
Kotlin
Native App(React Native 혹은 Flutter) 개발
Cloud 기반 웹개발 및 배포 (e.g., AWS / Azure / Firebase)
CI/CD 파이프라인 구축 및 관리
AI API 활용

[Front-ender]
역할: 웹서비스 개발 - Front-end Development (PC/Mobile)
기본:
HTML, CSS / PostCSS
JavaScript(모던)
React (혹은 Vue) 
React Native (혹은 Flutter)

우대:
TypeScript
SSR(Next.js 혹은 Nuxt.js)
단위테스트 수행"
"휴먼밸런스
기업정보 보기",백엔드 개발자,자사 서비스 백엔드 개발자 경력 채용,https://jumpit.saramin.co.kr/position/46809,"Java, · AWS, · Node.js, · Swagger UI, , , , ","* 밸런스피터 백엔드 엔지니어는 사용자 경험을 고민하며 기술을 활용해 문제를 해결합니다.
* 직관적이고 확장성 있는 API를 설계하고, 개발 및 유지보수를 통해 사용자 경험을 개선합니다. (Swagger 기반 Open API 포함)
* 안정적인 서비스 운영을 위해 AWS 인프라를 효율적으로 구축하고 최적화합니다. (EC2, S3, PostgreSQL 등)
* 성능 최적화와 코드 품질 개선을 통해 서비스의 안정성과 속도를 높입니다.
* 데이터베이스 구조를 설계하여 원활한 서비스 운영을 지원합니다.
* CI/CD 자동화를 통해 배포 프로세스를 개선합니다.","* 4년 이상의 서버 개발 경험 또는 이에 준하는 역량을 갖추신 분
* Node.js 기반의 백엔드 프레임워크 (Express, Nest) 에 대한 깊은 이해를 보유하신 분
* Typescript를 활용한 상용 서비스 개발 및 운영 경험이 있는 분
* AWS 및 클라우드 환경에서 서비스 구축 및 운영 경험이 있는 분
* Git/Github을 활용한 협업 경험이 있으며, 코드 리뷰와 협업 프로세스에 익숙한 분
* 데이터베이스 성능 최적화 및 트랜잭션 설계 경험이 있는 분"
"EVAR
기업정보 보기",백엔드 개발자,전기차 충전 백엔드 개발자 채용,https://jumpit.saramin.co.kr/position/48933,"AWS, · Docker, · MSA, · Node.js, , , ","EVAR의 백엔드 개발자는 AWS 기반 인프라 구축부터 서버 개발, 프론트엔드 구성까지 다양한 역할을 맡아, 고객 맞춤형 B2B 개발 프로젝트를 주도적으로 이끌어가는 중요한 역할을 하고 있어요!

백엔드 개발자가 속한 Platform 팀은 고객사의 비즈니스 요구 사항에 맞춰 최적화된 솔루션을 제공하며, 유연하고 효율적인 개발을 통해 최고의 결과를 만들어냅니다. 또한 MSA(Micro Software Architecture) 기반의 소프트웨어 아키텍처 수립, 충전 서비스 플랫폼 개발, 데이터 파이프라인 구축 및 관리, 그리고 AWS 인프라 구성을 통해 고객에게 안정적이고 혁신적인 서비스를 제공하는 데 최선을 다하고 있습니다.

• 전기차 충전 서비스 개발 및 유지보수
• 확장성과 유지보수성을 고려한 코드 작성 및 점진적 리팩토링
• 코드 리뷰를 통한 코드 개선
• 소프트웨어 아키텍쳐 수립 및 클라우드 인프라 설계, 관리
• 고객사 맞춤형 B2B 개발 프로젝트","• 웹 기술 전반에 대한 이해
• NestJS 또는 express 기반의 서버 개발 경험
• 요구사항에 기반한 데이터 구조 설계 및 시스템 구현 능력
• 기술적인 문제해결 능력 및 커뮤니케이션 스킬
• 3년 이상의 개발 경력"
"라이터스컴퍼니(쿠키)
기업정보 보기",백엔드 개발자,[Kooky] 백엔드 개발자 (3~6),https://jumpit.saramin.co.kr/position/49086,"Spring Boot, · Java, · Gradle, · MySQL, , ","• 다음 스택을 활용한 서버 개발 및 AWS 서버 관리
　- Kotlin, JAVA, Spring boot, gradle, MySQL, AWS","• Kotlin, JAVA Spring Boot 프로젝트 개발 경험이 있으신 분
• AWS 등 클라우드 환경에 배포, 운영 경험이 있으신 분
• 데이터베이스에 대한 전반적인 이해와 운용 경험이 있으신 분
• git을 이용한 협업에 익숙하신 분
• 기획자 및 디자이너와의 원활한 의사소통 및 협업이 가능하신 분"
"라이터스컴퍼니(쿠키)
기업정보 보기",백엔드 개발자,[Kooky] 백엔드 개발자 (7~10),https://jumpit.saramin.co.kr/position/47643,"Spring Boot, · Java, · Gradle, · MySQL, , ","• 다음 스택을 활용한 서버 개발 및 AWS 서버 관리
　- Kotlin, JAVA, Spring boot, gradle, MySQL, AWS","• Kotlin, JAVA Spring Boot 프로젝트 개발 경험이 있으신 분
• AWS 등 클라우드 환경에 배포, 운영 경험이 있으신 분
• 데이터베이스에 대한 전반적인 이해와 운용 경험이 있으신 분
• git을 이용한 협업에 익숙하신 분
• 기획자 및 디자이너와의 원활한 의사소통 및 협업이 가능하신 분"
"셀디코리아
기업정보 보기",백엔드 개발자,[셀디] 수출 솔루션 백엔드 개발자 모집,https://jumpit.saramin.co.kr/position/47040,"Java, · MySQL, · SQL, · Docker, , , ","[백엔드 직군 1인 채용]
• Java RESTFUL API
• Kubernetes, docker
• CI/CD, Drone, Cloud
• GraphQL, Restful API
• MySQL, Redis, Kafka
• POSTMAN, Dooray","• 4년 이상 백엔드 개발 (Golang 개발 경험자 우대)
• RESTful API에 대한 개발 경험이 있으신 분
• 새로운 것을 배우고 습득하는데 두려움이 없는 분
• 구조적 이해 능력 및 소통 능력 보유자"
"프리윌린
기업정보 보기",백엔드 개발자,Tech Innovation 워킹그룹 백엔드 개발,https://jumpit.saramin.co.kr/position/48544,"TypeScript, · AWS, · Spring, · Kotlin","프리윌린의 개발은 높은 수준의 수학교육을 모두에게 제공하기 위한 목표 아래
기획, 개발, 디자인, QA 등 다양한 역할의 구성원들이 같이 모여 노력하고 있습니다.
큰 도약을 앞둔 현 시점에서 앞으로의 성취를 함께하실 유능한 백엔드 개발자를 모십니다.

• 콘텐츠 저작 도구 백엔드 개발
• 아이디어를 신속하게 개발하고 검증
• 변화하는 요구사항에 맞춰 다양한 기술 활용
• 실무팀과 긴밀하게 협업하여 각 팀의 생산성 향상을 도모 
• AI와 연계하여 기능 개발","• 서버 개발 경력 8년 이상
• Java Spring 또는 Kotlin 필수 
• Golang , Python, Node.js 중 1가지 이상 활용하여 서버를 개발한 경험이 있으신 분
• 데이터베이스 (RDB/NoSQL) 모델 설계, ORM을 활용한 데이터베이스 개발 경험이 있으신 분
• AWS 및 Cloud 기반의 개발 및 운영이 가능하신 분"
"아이트럭
기업정보 보기",백엔드 개발자,백엔드 개발자,https://jumpit.saramin.co.kr/position/49142,"Node.js, · TypeScript, · MySQL, · Ubuntu, , , , ","• Back-end 서버 유지보수 및 관리 (주요기술: NodeJS)
• 아이트럭 어플 및 웹 백엔드 개발 및 운영
• 아이트럭 신규 기능 개발
• 배포 및 인프라운영 및 개선
• 백엔드 효율 개선을 위한 기술 도입 및 관리
• 기존 API, 데이터 모델링 개선","• Node.js 숙련자 및 웹 서비스 이해가 있으신 분
• TypeScript 기반 서버개발 및 운영 경험이 있으신 분
• RESTful API 이해가 높은신 분
• 원활한 커뮤니케이션 능력을 보유하신 분
• 지속적인 성장을 추구하는 개발자
• 필수 스킬: Node.js, TypeScript, MySQL, Ubuntu, GitHub, AWS, JavaScript, RESTful API"
"위버스브레인
기업정보 보기",프론트엔드 개발자,프론트엔드개발자 모집(3년~5년),https://jumpit.saramin.co.kr/position/48986,"Flutter, · React, · REST API, · Git, · Redux, , , , , ","ㆍAI 기반 교육 어플리케이션의 프론트엔드 개발
ㆍFlutter 및 React를 활용한 웹/모바일 어플리케이션 개발
ㆍAPI 연동 및 데이터 관리 최적화","ㆍ프론트엔드 개발 경력 (3년 ~5년)
ㆍFlutter 또는 React 기반의 웹/모바일 앱 개발 경험
ㆍRESTful API 연동 및 상태 관리 라이브러리(Redux, Riverpod 등) 사용 경험
ㆍGit 사용 경험
ㆍ새로운 기술을 빠르게 습득할 수 있는 학습 역량"
"위버스브레인
기업정보 보기",프론트엔드 개발자,프론트엔드개발자 모집(6년~10년),https://jumpit.saramin.co.kr/position/48985,"Flutter, · React, · REST API, · Git, · Redux, , , , , ","ㆍAI 기반 교육 어플리케이션의 프론트엔드 개발
ㆍFlutter 및 React를 활용한 웹/모바일 어플리케이션 개발
ㆍAPI 연동 및 데이터 관리 최적화","ㆍ프론트엔드 개발 경력 (6년 ~10년)
ㆍFlutter 또는 React 기반의 웹/모바일 앱 개발 경험
ㆍRESTful API 연동 및 상태 관리 라이브러리(Redux, Riverpod 등) 사용 경험
ㆍGit 사용 경험
ㆍ새로운 기술을 빠르게 습득할 수 있는 학습 역량"
"위버스브레인
기업정보 보기",프론트엔드 개발자,프론트엔드개발자 모집(11년~15년),https://jumpit.saramin.co.kr/position/48984,"Flutter, · React, · REST API, · Git, · Redux, , , , , ","ㆍAI 기반 교육 어플리케이션의 프론트엔드 개발
ㆍFlutter 및 React를 활용한 웹/모바일 어플리케이션 개발
ㆍAPI 연동 및 데이터 관리 최적화","ㆍ프론트엔드 개발 경력 (11년 ~15년)
ㆍFlutter 또는 React 기반의 웹/모바일 앱 개발 경험
ㆍRESTful API 연동 및 상태 관리 라이브러리(Redux, Riverpod 등) 사용 경험
ㆍGit 사용 경험
ㆍ새로운 기술을 빠르게 습득할 수 있는 학습 역량"
"코그넷나인
기업정보 보기",프론트엔드 개발자,프론트엔드개발자,https://jumpit.saramin.co.kr/position/48347,"React, · JavaScript","• 웹/모바일 애플리케이션 프론트엔드 개발
• 개발 및 업무 요건 구현
• 사용자 인터페이스 설계 및 구현","• 5년 이상의 React, Javascript에 대한 이해와 개발 경험이 있는 분
• UI/UX에 대한 이해"
"인서트
기업정보 보기",프론트엔드 개발자,프론트엔드개발자 채용,https://jumpit.saramin.co.kr/position/47367,"React, · Git, · JavaScript, · HTML5, · CSS 3","• 서비스 유지 보수 및 성능 개선
• React, Javascript, GIT
• 기존 서비스중인 앱 서비스 고도화 및 유지 보수
• 신규 서비스 앱 개발","• 웹/앱 어플리케이션 개발 및 운영 경험 3년 이상 혹은 그에 준하는 경험과 역량을 보유한 분
• 테스트코드를 작성하고, 테스트 자동화 프로세스를 개발 경험
• AWS 등 클라우드 환경에서 개발, 운영 경험
• 기획자, 디자이너 등 타 역할을 가진 동료들과 적극적으로 문제 해결을 위한 커뮤니케이션 가능한 분"
"라쿠카라차
기업정보 보기",프론트엔드 개발자,"플러터 프론트엔드개발자(주35시간, 4.5일)",https://jumpit.saramin.co.kr/position/48086,Flutter,• 앱 개발 및 운영 관리,• 플러터 개발경험 필수
"북아이피스
기업정보 보기",프론트엔드 개발자,프론트엔드 개발자,https://jumpit.saramin.co.kr/position/48196,"AWS, · JavaScript, · TypeScript, · React, , , , , , ","• 다양한 제품 개발에 참여해요. 
• 주요 서비스 플랫폼 및 솔루션에 대한 기능을 고도화해요. 
• 쏠북 마켓 solvook.com
• 저자(선생님)가 만든 자료를 판매하는 마켓 서비스예요. 
• 자료 조회부터 판매 결제까지의 프로세스를 유지보수해요.
• 사용자(학생, 선생님, 원장님, 학부모)타입에 따라 다른 기능을 제공해요. 
• 쏠북 엑스퍼트 expert.solvook.com
• 문제은행 서비스
• 파트너센터 partners.solvook.com
• 쏠북 마켓에서 판매할 자료를 등록하는 관리자 서비스예요. 
• 자료를 등록하고 판매 수익을 관리, 확인할 수 있는 대시보드 기능이 있어요. 
• 전체 기능에 대한 개편을 앞두고 있어요. 
• 신규 서비스 및 제품을 출시해요. 
• 내부 운영을 돕는 어드민 제품 기능을 고도화해요. 
• 제품 개발을 하기 위해 프로덕트팀이 함께 해요.
• MVP 설정하고 이터레이션 방식을 통해 제품을 확장히고 고도화해요. 
• FE 개발프로세스에 주도적으로 참여 조율해요. 
• PO, PD, BE, QA 및 유관 부서와 협업하여 유저 경험을 최적화하는 방식을 고민하고 실행해요. 
• 확장되는 시스템을 고려해서 FE 리팩토링을 관리하고 고도화해요.","• 최소 3년 또는 그에 준하는 모던 웹 개발 경험이 있는 분 
• SPA 개발에 능숙하신 분
• Semantic Markup에 능숙하신 분
• Git 을 능숙하게 다루는 분
• 주도적으로 문제를 발견하고 해결하는 분"
"랜딩
기업정보 보기",프론트엔드 개발자,React 프론트엔드 개발자,https://jumpit.saramin.co.kr/position/48540,"React, · TypeScript, · Next.js, · AWS, , , , ","(중요) 아래 질문에 대한 답을 ""지원이력서 혹은 첨부파일""에 포함하여 지원해주세요.
• 지원하시게 된 동기를 설명해주세요. (공백 포함 500자 내외)
• 자신의 모든 것을 올인했던 경험과 그 결과에 대해서 설명해주세요. (공백 포함 1,000자 내외)

주요업무
• Next.js와 React Flow 기반의 AI 웹 애플리케이션 개발 및 유지보수
• AWS SDK 및 Supabase를 활용한 데이터 연동 및 API 통합
• Storybook을 활용한 UI 컴포넌트 문서화 및 테스트
• 백엔드 개발자 및 디자이너와의 협업을 통한 프로젝트 진행
• 컴포넌트 기반 아키텍처 설계 및 구현
• 최신 프론트엔드 기술 동향 파악 및 적용 검토","• 3년 이내의 프론트엔드 개발 경력을 보유 하신 분
• Next.js 기반의 프로젝트 경험과 SSR에 대한 이해
• React, CSS에 재미와 흥미를 가지고, 실력과 속도에 자신있는 분
• zustand, tanstack-query등 상태 관리 라이브러리를 이용한 개발 경험이 있으신 분
• TypeScript에 대한 능숙한 사용
• 다양한 이해관계자와의 원활한 소통 능력 및 UI/UX에 대한 깊은 이해가 있으신 분
• 모호한 문제를 독립적으로 찾아내고 해결한 경험이 있으신 분
• Git을 통한 소스코드 형상관리"
"프롬프트팩토리
기업정보 보기",프론트엔드 개발자,[대구 근무] 프론트엔드 개발자,https://jumpit.saramin.co.kr/position/48559,"React, · Next.js","• 온라인 서비스 플랫폼 신규 개발 프로젝트 참여
• B2B/B2C 매칭 시스템 설계 및 구현","• 프론트엔드 개발 경험 1년 이상 보유하신 분
• React, Next.js 등 웹 프레임워크에 대한 깊은 이해도를 갖추신 분
• HTML, CSS, JavaScript, HTTP 등 웹 기술의 기본기가 탄탄하신 분
• 가독성 높은 코드 작성에 힘쓰시는 분
• 프로젝트에 대한 주인의식을 가지고 능동적으로 일하시는 분
• 포트폴리오 제출 필수 (코드의 목적, 기술 선택 근거, 문제 해결 과정이 잘 기술된 포트폴리오 우대)"
"브레인즈컴퍼니
기업정보 보기",프론트엔드 개발자,프론트엔드 개발자 (경력 5~10년),https://jumpit.saramin.co.kr/position/48125,"Java, · JavaScript, · Spring Framework, , ","• 자사 주력 솔루션 차세대 버전을 개발합니다.
• 2-4명의 프론트엔드 개발자 리딩 및 코드 리뷰를 합니다.","• 경력 : 5~10년
• 학력 : 대졸 (4년제) 졸업 이상
• Vue 혹은 React를 사용한 SPA 개발 프로젝트 경험이 필수입니다. 
• 또한 Vue 혹은 React 같은 Framework가 어떤 과정을 거쳐 웹상에서 동작하는지에 대한 충분한 이해가 필수입니다.
• JavaScript의 언어적 특성과 핵심 원리에 능통해야 합니다."
"크레스콤
기업정보 보기",프론트엔드 개발자,프론트엔드 개발자 채용,https://jumpit.saramin.co.kr/position/47609,"CSS 3, · JavaScript, · React, · Vue.js, , , , , ","[프론트엔드 개발]
• 인공지능 솔루션의 웹 기반 서비스 개발
• 클라우드 서비스의 프론트엔드 개발
• 사용자의 문제해결 편의성 증대를 위한 신규 기능 개발","• 프론트엔드 개발 실무 경험자 (3년 이상 또는 그에 준하는 실력)
• 사용자의 문제 해결을 위해 창의적이며 긍정적 사고로 해결할 수 있는 분
• 이해하고 소통하며 협업할 수 있는 분
• 리눅스, Javascript, html/css 최신 이해 및 경험자
• Vue, React, Angular 등 활용 경험자
• UI/UX 분석 설계 개발 경험자"
"세계입찰
기업정보 보기",프론트엔드 개발자,프론트엔드 개발자 경력(11~13년) 채용,https://jumpit.saramin.co.kr/position/47433,"HTML5, · C, · C#, · JavaScript, · Node.js","• 프론트엔드 서버 개발 및 운영
• 웹사이트 기능 개발 및 유지/보수","• 프론트엔드 서버 개발 경험 11년~13년 이하
• HTML, CSS, JavaScript 에 기본 지식을 갖추고 있는 분
• 적극적으로 대화할 수 있는 의사소통 능력"
"세계입찰
기업정보 보기",프론트엔드 개발자,프론트엔드 개발자 경력(8~10년) 채용,https://jumpit.saramin.co.kr/position/47432,"HTML5, · C, · C#, · JavaScript, · Node.js","• 프론트엔드 서버 개발 및 운영
• 웹사이트 기능 개발 및 유지/보수","• 프론트엔드 서버 개발 경험 8년~10년 이하
• HTML, CSS, JavaScript 에 기본 지식을 갖추고 있는 분
• 적극적으로 대화할 수 있는 의사소통 능력"
"세계입찰
기업정보 보기",프론트엔드 개발자,프론트엔드 개발자 경력(5~7년) 채용,https://jumpit.saramin.co.kr/position/47430,"HTML5, · C, · C#, · JavaScript, · Node.js","• 프론트엔드 서버 개발 및 운영
• 웹사이트 기능 개발 및 유지/보수","• 프론트엔드 서버 개발 경험 5년~7년 이하
• HTML, CSS, JavaScript 에 기본 지식을 갖추고 있는 분
• 적극적으로 대화할 수 있는 의사소통 능력"
"리비바이오
기업정보 보기",프론트엔드 개발자,프론트엔드 개발자,https://jumpit.saramin.co.kr/position/49062,"NestJS, · React, · Zustand, · Recoil","• Next.js 를 이용한 웹 애플리케이션 개발
 - 일반 사용자를 위한 프론트엔드 개발 및 운영
 - 내부 사용자를 위한 프론트엔드 개발 및 운영
• Vercel 및 AWS를 이용한 서버 배포 자동화 및 관리
• 24시간 365일 유저에게 원활한 서비스 경험 제공",• 프론트엔드개발 경력이 2년 이상 이신 분
"학교종이
기업정보 보기",프론트엔드 개발자,프론트엔드 개발자 (신입/경력),https://jumpit.saramin.co.kr/position/48523,"Angular 2, · Ionic, · TypeScript, · RxJS, , ",• 학교종이 서비스의 프론트엔드 개발 및 유지/보수,"• HTML, CSS, JS의 활용 경험 및 이해도가 있으신 분
• Angular, React, Vue.js 등 1개 이상의 프론트엔드 프레임워크 사용 경험이 있으신 분
• RESTful API 연동을 통한 SPA 개발 경험이 있으신 분
• 아키텍쳐 설계 및 제안, 코드리뷰, 테스트 등 개발 문화 개선에 적극적이신 분
• 기획 및 디자이너 등 다른 부서와 원활한 커뮤니케이션이 가능하신 분"
"위버스브레인
기업정보 보기",프론트엔드 개발자,프론트엔드개발자 모집(3년~5년),https://jumpit.saramin.co.kr/position/48986,"Flutter, · React, · REST API, · Git, · Redux, , , , , ","ㆍAI 기반 교육 어플리케이션의 프론트엔드 개발
ㆍFlutter 및 React를 활용한 웹/모바일 어플리케이션 개발
ㆍAPI 연동 및 데이터 관리 최적화","ㆍ프론트엔드 개발 경력 (3년 ~5년)
ㆍFlutter 또는 React 기반의 웹/모바일 앱 개발 경험
ㆍRESTful API 연동 및 상태 관리 라이브러리(Redux, Riverpod 등) 사용 경험
ㆍGit 사용 경험
ㆍ새로운 기술을 빠르게 습득할 수 있는 학습 역량"
"위버스브레인
기업정보 보기",프론트엔드 개발자,프론트엔드개발자 모집(6년~10년),https://jumpit.saramin.co.kr/position/48985,"Flutter, · React, · REST API, · Git, · Redux, , , , , ","ㆍAI 기반 교육 어플리케이션의 프론트엔드 개발
ㆍFlutter 및 React를 활용한 웹/모바일 어플리케이션 개발
ㆍAPI 연동 및 데이터 관리 최적화","ㆍ프론트엔드 개발 경력 (6년 ~10년)
ㆍFlutter 또는 React 기반의 웹/모바일 앱 개발 경험
ㆍRESTful API 연동 및 상태 관리 라이브러리(Redux, Riverpod 등) 사용 경험
ㆍGit 사용 경험
ㆍ새로운 기술을 빠르게 습득할 수 있는 학습 역량"
"위버스브레인
기업정보 보기",프론트엔드 개발자,프론트엔드개발자 모집(11년~15년),https://jumpit.saramin.co.kr/position/48984,"Flutter, · React, · REST API, · Git, · Redux, , , , , ","ㆍAI 기반 교육 어플리케이션의 프론트엔드 개발
ㆍFlutter 및 React를 활용한 웹/모바일 어플리케이션 개발
ㆍAPI 연동 및 데이터 관리 최적화","ㆍ프론트엔드 개발 경력 (11년 ~15년)
ㆍFlutter 또는 React 기반의 웹/모바일 앱 개발 경험
ㆍRESTful API 연동 및 상태 관리 라이브러리(Redux, Riverpod 등) 사용 경험
ㆍGit 사용 경험
ㆍ새로운 기술을 빠르게 습득할 수 있는 학습 역량"
"코그넷나인
기업정보 보기",프론트엔드 개발자,프론트엔드개발자,https://jumpit.saramin.co.kr/position/48347,"React, · JavaScript","• 웹/모바일 애플리케이션 프론트엔드 개발
• 개발 및 업무 요건 구현
• 사용자 인터페이스 설계 및 구현","• 5년 이상의 React, Javascript에 대한 이해와 개발 경험이 있는 분
• UI/UX에 대한 이해"
"인서트
기업정보 보기",프론트엔드 개발자,프론트엔드개발자 채용,https://jumpit.saramin.co.kr/position/47367,"React, · Git, · JavaScript, · HTML5, · CSS 3","• 서비스 유지 보수 및 성능 개선
• React, Javascript, GIT
• 기존 서비스중인 앱 서비스 고도화 및 유지 보수
• 신규 서비스 앱 개발","• 웹/앱 어플리케이션 개발 및 운영 경험 3년 이상 혹은 그에 준하는 경험과 역량을 보유한 분
• 테스트코드를 작성하고, 테스트 자동화 프로세스를 개발 경험
• AWS 등 클라우드 환경에서 개발, 운영 경험
• 기획자, 디자이너 등 타 역할을 가진 동료들과 적극적으로 문제 해결을 위한 커뮤니케이션 가능한 분"
"라쿠카라차
기업정보 보기",프론트엔드 개발자,"플러터 프론트엔드개발자(주35시간, 4.5일)",https://jumpit.saramin.co.kr/position/48086,Flutter,• 앱 개발 및 운영 관리,• 플러터 개발경험 필수
"북아이피스
기업정보 보기",프론트엔드 개발자,프론트엔드 개발자,https://jumpit.saramin.co.kr/position/48196,"AWS, · JavaScript, · TypeScript, · React, , , , , , ","• 다양한 제품 개발에 참여해요. 
• 주요 서비스 플랫폼 및 솔루션에 대한 기능을 고도화해요. 
• 쏠북 마켓 solvook.com
• 저자(선생님)가 만든 자료를 판매하는 마켓 서비스예요. 
• 자료 조회부터 판매 결제까지의 프로세스를 유지보수해요.
• 사용자(학생, 선생님, 원장님, 학부모)타입에 따라 다른 기능을 제공해요. 
• 쏠북 엑스퍼트 expert.solvook.com
• 문제은행 서비스
• 파트너센터 partners.solvook.com
• 쏠북 마켓에서 판매할 자료를 등록하는 관리자 서비스예요. 
• 자료를 등록하고 판매 수익을 관리, 확인할 수 있는 대시보드 기능이 있어요. 
• 전체 기능에 대한 개편을 앞두고 있어요. 
• 신규 서비스 및 제품을 출시해요. 
• 내부 운영을 돕는 어드민 제품 기능을 고도화해요. 
• 제품 개발을 하기 위해 프로덕트팀이 함께 해요.
• MVP 설정하고 이터레이션 방식을 통해 제품을 확장히고 고도화해요. 
• FE 개발프로세스에 주도적으로 참여 조율해요. 
• PO, PD, BE, QA 및 유관 부서와 협업하여 유저 경험을 최적화하는 방식을 고민하고 실행해요. 
• 확장되는 시스템을 고려해서 FE 리팩토링을 관리하고 고도화해요.","• 최소 3년 또는 그에 준하는 모던 웹 개발 경험이 있는 분 
• SPA 개발에 능숙하신 분
• Semantic Markup에 능숙하신 분
• Git 을 능숙하게 다루는 분
• 주도적으로 문제를 발견하고 해결하는 분"
"랜딩
기업정보 보기",프론트엔드 개발자,React 프론트엔드 개발자,https://jumpit.saramin.co.kr/position/48540,"React, · TypeScript, · Next.js, · AWS, , , , ","(중요) 아래 질문에 대한 답을 ""지원이력서 혹은 첨부파일""에 포함하여 지원해주세요.
• 지원하시게 된 동기를 설명해주세요. (공백 포함 500자 내외)
• 자신의 모든 것을 올인했던 경험과 그 결과에 대해서 설명해주세요. (공백 포함 1,000자 내외)

주요업무
• Next.js와 React Flow 기반의 AI 웹 애플리케이션 개발 및 유지보수
• AWS SDK 및 Supabase를 활용한 데이터 연동 및 API 통합
• Storybook을 활용한 UI 컴포넌트 문서화 및 테스트
• 백엔드 개발자 및 디자이너와의 협업을 통한 프로젝트 진행
• 컴포넌트 기반 아키텍처 설계 및 구현
• 최신 프론트엔드 기술 동향 파악 및 적용 검토","• 3년 이내의 프론트엔드 개발 경력을 보유 하신 분
• Next.js 기반의 프로젝트 경험과 SSR에 대한 이해
• React, CSS에 재미와 흥미를 가지고, 실력과 속도에 자신있는 분
• zustand, tanstack-query등 상태 관리 라이브러리를 이용한 개발 경험이 있으신 분
• TypeScript에 대한 능숙한 사용
• 다양한 이해관계자와의 원활한 소통 능력 및 UI/UX에 대한 깊은 이해가 있으신 분
• 모호한 문제를 독립적으로 찾아내고 해결한 경험이 있으신 분
• Git을 통한 소스코드 형상관리"
"프롬프트팩토리
기업정보 보기",프론트엔드 개발자,[대구 근무] 프론트엔드 개발자,https://jumpit.saramin.co.kr/position/48559,"React, · Next.js","• 온라인 서비스 플랫폼 신규 개발 프로젝트 참여
• B2B/B2C 매칭 시스템 설계 및 구현","• 프론트엔드 개발 경험 1년 이상 보유하신 분
• React, Next.js 등 웹 프레임워크에 대한 깊은 이해도를 갖추신 분
• HTML, CSS, JavaScript, HTTP 등 웹 기술의 기본기가 탄탄하신 분
• 가독성 높은 코드 작성에 힘쓰시는 분
• 프로젝트에 대한 주인의식을 가지고 능동적으로 일하시는 분
• 포트폴리오 제출 필수 (코드의 목적, 기술 선택 근거, 문제 해결 과정이 잘 기술된 포트폴리오 우대)"
"브레인즈컴퍼니
기업정보 보기",프론트엔드 개발자,프론트엔드 개발자 (경력 5~10년),https://jumpit.saramin.co.kr/position/48125,"Java, · JavaScript, · Spring Framework, , ","• 자사 주력 솔루션 차세대 버전을 개발합니다.
• 2-4명의 프론트엔드 개발자 리딩 및 코드 리뷰를 합니다.","• 경력 : 5~10년
• 학력 : 대졸 (4년제) 졸업 이상
• Vue 혹은 React를 사용한 SPA 개발 프로젝트 경험이 필수입니다. 
• 또한 Vue 혹은 React 같은 Framework가 어떤 과정을 거쳐 웹상에서 동작하는지에 대한 충분한 이해가 필수입니다.
• JavaScript의 언어적 특성과 핵심 원리에 능통해야 합니다."
"크레스콤
기업정보 보기",프론트엔드 개발자,프론트엔드 개발자 채용,https://jumpit.saramin.co.kr/position/47609,"CSS 3, · JavaScript, · React, · Vue.js, , , , , ","[프론트엔드 개발]
• 인공지능 솔루션의 웹 기반 서비스 개발
• 클라우드 서비스의 프론트엔드 개발
• 사용자의 문제해결 편의성 증대를 위한 신규 기능 개발","• 프론트엔드 개발 실무 경험자 (3년 이상 또는 그에 준하는 실력)
• 사용자의 문제 해결을 위해 창의적이며 긍정적 사고로 해결할 수 있는 분
• 이해하고 소통하며 협업할 수 있는 분
• 리눅스, Javascript, html/css 최신 이해 및 경험자
• Vue, React, Angular 등 활용 경험자
• UI/UX 분석 설계 개발 경험자"
"세계입찰
기업정보 보기",프론트엔드 개발자,프론트엔드 개발자 경력(11~13년) 채용,https://jumpit.saramin.co.kr/position/47433,"HTML5, · C, · C#, · JavaScript, · Node.js","• 프론트엔드 서버 개발 및 운영
• 웹사이트 기능 개발 및 유지/보수","• 프론트엔드 서버 개발 경험 11년~13년 이하
• HTML, CSS, JavaScript 에 기본 지식을 갖추고 있는 분
• 적극적으로 대화할 수 있는 의사소통 능력"
"세계입찰
기업정보 보기",프론트엔드 개발자,프론트엔드 개발자 경력(8~10년) 채용,https://jumpit.saramin.co.kr/position/47432,"HTML5, · C, · C#, · JavaScript, · Node.js","• 프론트엔드 서버 개발 및 운영
• 웹사이트 기능 개발 및 유지/보수","• 프론트엔드 서버 개발 경험 8년~10년 이하
• HTML, CSS, JavaScript 에 기본 지식을 갖추고 있는 분
• 적극적으로 대화할 수 있는 의사소통 능력"
"세계입찰
기업정보 보기",프론트엔드 개발자,프론트엔드 개발자 경력(5~7년) 채용,https://jumpit.saramin.co.kr/position/47430,"HTML5, · C, · C#, · JavaScript, · Node.js","• 프론트엔드 서버 개발 및 운영
• 웹사이트 기능 개발 및 유지/보수","• 프론트엔드 서버 개발 경험 5년~7년 이하
• HTML, CSS, JavaScript 에 기본 지식을 갖추고 있는 분
• 적극적으로 대화할 수 있는 의사소통 능력"
"리비바이오
기업정보 보기",프론트엔드 개발자,프론트엔드 개발자,https://jumpit.saramin.co.kr/position/49062,"NestJS, · React, · Zustand, · Recoil","• Next.js 를 이용한 웹 애플리케이션 개발
 - 일반 사용자를 위한 프론트엔드 개발 및 운영
 - 내부 사용자를 위한 프론트엔드 개발 및 운영
• Vercel 및 AWS를 이용한 서버 배포 자동화 및 관리
• 24시간 365일 유저에게 원활한 서비스 경험 제공",• 프론트엔드개발 경력이 2년 이상 이신 분
"학교종이
기업정보 보기",프론트엔드 개발자,프론트엔드 개발자 (신입/경력),https://jumpit.saramin.co.kr/position/48523,"Angular 2, · Ionic, · TypeScript, · RxJS, , ",• 학교종이 서비스의 프론트엔드 개발 및 유지/보수,"• HTML, CSS, JS의 활용 경험 및 이해도가 있으신 분
• Angular, React, Vue.js 등 1개 이상의 프론트엔드 프레임워크 사용 경험이 있으신 분
• RESTful API 연동을 통한 SPA 개발 경험이 있으신 분
• 아키텍쳐 설계 및 제안, 코드리뷰, 테스트 등 개발 문화 개선에 적극적이신 분
• 기획 및 디자이너 등 다른 부서와 원활한 커뮤니케이션이 가능하신 분"
"위버스브레인
기업정보 보기",프론트엔드 개발자,프론트엔드개발자 모집(3년~5년),https://jumpit.saramin.co.kr/position/48986,"Flutter, · React, · REST API, · Git, · Redux, , , , , ","ㆍAI 기반 교육 어플리케이션의 프론트엔드 개발
ㆍFlutter 및 React를 활용한 웹/모바일 어플리케이션 개발
ㆍAPI 연동 및 데이터 관리 최적화","ㆍ프론트엔드 개발 경력 (3년 ~5년)
ㆍFlutter 또는 React 기반의 웹/모바일 앱 개발 경험
ㆍRESTful API 연동 및 상태 관리 라이브러리(Redux, Riverpod 등) 사용 경험
ㆍGit 사용 경험
ㆍ새로운 기술을 빠르게 습득할 수 있는 학습 역량"
"위버스브레인
기업정보 보기",프론트엔드 개발자,프론트엔드개발자 모집(6년~10년),https://jumpit.saramin.co.kr/position/48985,"Flutter, · React, · REST API, · Git, · Redux, , , , , ","ㆍAI 기반 교육 어플리케이션의 프론트엔드 개발
ㆍFlutter 및 React를 활용한 웹/모바일 어플리케이션 개발
ㆍAPI 연동 및 데이터 관리 최적화","ㆍ프론트엔드 개발 경력 (6년 ~10년)
ㆍFlutter 또는 React 기반의 웹/모바일 앱 개발 경험
ㆍRESTful API 연동 및 상태 관리 라이브러리(Redux, Riverpod 등) 사용 경험
ㆍGit 사용 경험
ㆍ새로운 기술을 빠르게 습득할 수 있는 학습 역량"
"위버스브레인
기업정보 보기",프론트엔드 개발자,프론트엔드개발자 모집(11년~15년),https://jumpit.saramin.co.kr/position/48984,"Flutter, · React, · REST API, · Git, · Redux, , , , , ","ㆍAI 기반 교육 어플리케이션의 프론트엔드 개발
ㆍFlutter 및 React를 활용한 웹/모바일 어플리케이션 개발
ㆍAPI 연동 및 데이터 관리 최적화","ㆍ프론트엔드 개발 경력 (11년 ~15년)
ㆍFlutter 또는 React 기반의 웹/모바일 앱 개발 경험
ㆍRESTful API 연동 및 상태 관리 라이브러리(Redux, Riverpod 등) 사용 경험
ㆍGit 사용 경험
ㆍ새로운 기술을 빠르게 습득할 수 있는 학습 역량"
"코그넷나인
기업정보 보기",프론트엔드 개발자,프론트엔드개발자,https://jumpit.saramin.co.kr/position/48347,"React, · JavaScript","• 웹/모바일 애플리케이션 프론트엔드 개발
• 개발 및 업무 요건 구현
• 사용자 인터페이스 설계 및 구현","• 5년 이상의 React, Javascript에 대한 이해와 개발 경험이 있는 분
• UI/UX에 대한 이해"
"인서트
기업정보 보기",프론트엔드 개발자,프론트엔드개발자 채용,https://jumpit.saramin.co.kr/position/47367,"React, · Git, · JavaScript, · HTML5, · CSS 3","• 서비스 유지 보수 및 성능 개선
• React, Javascript, GIT
• 기존 서비스중인 앱 서비스 고도화 및 유지 보수
• 신규 서비스 앱 개발","• 웹/앱 어플리케이션 개발 및 운영 경험 3년 이상 혹은 그에 준하는 경험과 역량을 보유한 분
• 테스트코드를 작성하고, 테스트 자동화 프로세스를 개발 경험
• AWS 등 클라우드 환경에서 개발, 운영 경험
• 기획자, 디자이너 등 타 역할을 가진 동료들과 적극적으로 문제 해결을 위한 커뮤니케이션 가능한 분"
"라쿠카라차
기업정보 보기",프론트엔드 개발자,"플러터 프론트엔드개발자(주35시간, 4.5일)",https://jumpit.saramin.co.kr/position/48086,Flutter,• 앱 개발 및 운영 관리,• 플러터 개발경험 필수
"북아이피스
기업정보 보기",프론트엔드 개발자,프론트엔드 개발자,https://jumpit.saramin.co.kr/position/48196,"AWS, · JavaScript, · TypeScript, · React, , , , , , ","• 다양한 제품 개발에 참여해요. 
• 주요 서비스 플랫폼 및 솔루션에 대한 기능을 고도화해요. 
• 쏠북 마켓 solvook.com
• 저자(선생님)가 만든 자료를 판매하는 마켓 서비스예요. 
• 자료 조회부터 판매 결제까지의 프로세스를 유지보수해요.
• 사용자(학생, 선생님, 원장님, 학부모)타입에 따라 다른 기능을 제공해요. 
• 쏠북 엑스퍼트 expert.solvook.com
• 문제은행 서비스
• 파트너센터 partners.solvook.com
• 쏠북 마켓에서 판매할 자료를 등록하는 관리자 서비스예요. 
• 자료를 등록하고 판매 수익을 관리, 확인할 수 있는 대시보드 기능이 있어요. 
• 전체 기능에 대한 개편을 앞두고 있어요. 
• 신규 서비스 및 제품을 출시해요. 
• 내부 운영을 돕는 어드민 제품 기능을 고도화해요. 
• 제품 개발을 하기 위해 프로덕트팀이 함께 해요.
• MVP 설정하고 이터레이션 방식을 통해 제품을 확장히고 고도화해요. 
• FE 개발프로세스에 주도적으로 참여 조율해요. 
• PO, PD, BE, QA 및 유관 부서와 협업하여 유저 경험을 최적화하는 방식을 고민하고 실행해요. 
• 확장되는 시스템을 고려해서 FE 리팩토링을 관리하고 고도화해요.","• 최소 3년 또는 그에 준하는 모던 웹 개발 경험이 있는 분 
• SPA 개발에 능숙하신 분
• Semantic Markup에 능숙하신 분
• Git 을 능숙하게 다루는 분
• 주도적으로 문제를 발견하고 해결하는 분"
"랜딩
기업정보 보기",프론트엔드 개발자,React 프론트엔드 개발자,https://jumpit.saramin.co.kr/position/48540,"React, · TypeScript, · Next.js, · AWS, , , , ","(중요) 아래 질문에 대한 답을 ""지원이력서 혹은 첨부파일""에 포함하여 지원해주세요.
• 지원하시게 된 동기를 설명해주세요. (공백 포함 500자 내외)
• 자신의 모든 것을 올인했던 경험과 그 결과에 대해서 설명해주세요. (공백 포함 1,000자 내외)

주요업무
• Next.js와 React Flow 기반의 AI 웹 애플리케이션 개발 및 유지보수
• AWS SDK 및 Supabase를 활용한 데이터 연동 및 API 통합
• Storybook을 활용한 UI 컴포넌트 문서화 및 테스트
• 백엔드 개발자 및 디자이너와의 협업을 통한 프로젝트 진행
• 컴포넌트 기반 아키텍처 설계 및 구현
• 최신 프론트엔드 기술 동향 파악 및 적용 검토","• 3년 이내의 프론트엔드 개발 경력을 보유 하신 분
• Next.js 기반의 프로젝트 경험과 SSR에 대한 이해
• React, CSS에 재미와 흥미를 가지고, 실력과 속도에 자신있는 분
• zustand, tanstack-query등 상태 관리 라이브러리를 이용한 개발 경험이 있으신 분
• TypeScript에 대한 능숙한 사용
• 다양한 이해관계자와의 원활한 소통 능력 및 UI/UX에 대한 깊은 이해가 있으신 분
• 모호한 문제를 독립적으로 찾아내고 해결한 경험이 있으신 분
• Git을 통한 소스코드 형상관리"
"프롬프트팩토리
기업정보 보기",프론트엔드 개발자,[대구 근무] 프론트엔드 개발자,https://jumpit.saramin.co.kr/position/48559,"React, · Next.js","• 온라인 서비스 플랫폼 신규 개발 프로젝트 참여
• B2B/B2C 매칭 시스템 설계 및 구현","• 프론트엔드 개발 경험 1년 이상 보유하신 분
• React, Next.js 등 웹 프레임워크에 대한 깊은 이해도를 갖추신 분
• HTML, CSS, JavaScript, HTTP 등 웹 기술의 기본기가 탄탄하신 분
• 가독성 높은 코드 작성에 힘쓰시는 분
• 프로젝트에 대한 주인의식을 가지고 능동적으로 일하시는 분
• 포트폴리오 제출 필수 (코드의 목적, 기술 선택 근거, 문제 해결 과정이 잘 기술된 포트폴리오 우대)"
"브레인즈컴퍼니
기업정보 보기",프론트엔드 개발자,프론트엔드 개발자 (경력 5~10년),https://jumpit.saramin.co.kr/position/48125,"Java, · JavaScript, · Spring Framework, , ","• 자사 주력 솔루션 차세대 버전을 개발합니다.
• 2-4명의 프론트엔드 개발자 리딩 및 코드 리뷰를 합니다.","• 경력 : 5~10년
• 학력 : 대졸 (4년제) 졸업 이상
• Vue 혹은 React를 사용한 SPA 개발 프로젝트 경험이 필수입니다. 
• 또한 Vue 혹은 React 같은 Framework가 어떤 과정을 거쳐 웹상에서 동작하는지에 대한 충분한 이해가 필수입니다.
• JavaScript의 언어적 특성과 핵심 원리에 능통해야 합니다."
"크레스콤
기업정보 보기",프론트엔드 개발자,프론트엔드 개발자 채용,https://jumpit.saramin.co.kr/position/47609,"CSS 3, · JavaScript, · React, · Vue.js, , , , , ","[프론트엔드 개발]
• 인공지능 솔루션의 웹 기반 서비스 개발
• 클라우드 서비스의 프론트엔드 개발
• 사용자의 문제해결 편의성 증대를 위한 신규 기능 개발","• 프론트엔드 개발 실무 경험자 (3년 이상 또는 그에 준하는 실력)
• 사용자의 문제 해결을 위해 창의적이며 긍정적 사고로 해결할 수 있는 분
• 이해하고 소통하며 협업할 수 있는 분
• 리눅스, Javascript, html/css 최신 이해 및 경험자
• Vue, React, Angular 등 활용 경험자
• UI/UX 분석 설계 개발 경험자"
"세계입찰
기업정보 보기",프론트엔드 개발자,프론트엔드 개발자 경력(11~13년) 채용,https://jumpit.saramin.co.kr/position/47433,"HTML5, · C, · C#, · JavaScript, · Node.js","• 프론트엔드 서버 개발 및 운영
• 웹사이트 기능 개발 및 유지/보수","• 프론트엔드 서버 개발 경험 11년~13년 이하
• HTML, CSS, JavaScript 에 기본 지식을 갖추고 있는 분
• 적극적으로 대화할 수 있는 의사소통 능력"
"세계입찰
기업정보 보기",프론트엔드 개발자,프론트엔드 개발자 경력(8~10년) 채용,https://jumpit.saramin.co.kr/position/47432,"HTML5, · C, · C#, · JavaScript, · Node.js","• 프론트엔드 서버 개발 및 운영
• 웹사이트 기능 개발 및 유지/보수","• 프론트엔드 서버 개발 경험 8년~10년 이하
• HTML, CSS, JavaScript 에 기본 지식을 갖추고 있는 분
• 적극적으로 대화할 수 있는 의사소통 능력"
"세계입찰
기업정보 보기",프론트엔드 개발자,프론트엔드 개발자 경력(5~7년) 채용,https://jumpit.saramin.co.kr/position/47430,"HTML5, · C, · C#, · JavaScript, · Node.js","• 프론트엔드 서버 개발 및 운영
• 웹사이트 기능 개발 및 유지/보수","• 프론트엔드 서버 개발 경험 5년~7년 이하
• HTML, CSS, JavaScript 에 기본 지식을 갖추고 있는 분
• 적극적으로 대화할 수 있는 의사소통 능력"
"리비바이오
기업정보 보기",프론트엔드 개발자,프론트엔드 개발자,https://jumpit.saramin.co.kr/position/49062,"NestJS, · React, · Zustand, · Recoil","• Next.js 를 이용한 웹 애플리케이션 개발
 - 일반 사용자를 위한 프론트엔드 개발 및 운영
 - 내부 사용자를 위한 프론트엔드 개발 및 운영
• Vercel 및 AWS를 이용한 서버 배포 자동화 및 관리
• 24시간 365일 유저에게 원활한 서비스 경험 제공",• 프론트엔드개발 경력이 2년 이상 이신 분
"학교종이
기업정보 보기",프론트엔드 개발자,프론트엔드 개발자 (신입/경력),https://jumpit.saramin.co.kr/position/48523,"Angular 2, · Ionic, · TypeScript, · RxJS, , ",• 학교종이 서비스의 프론트엔드 개발 및 유지/보수,"• HTML, CSS, JS의 활용 경험 및 이해도가 있으신 분
• Angular, React, Vue.js 등 1개 이상의 프론트엔드 프레임워크 사용 경험이 있으신 분
• RESTful API 연동을 통한 SPA 개발 경험이 있으신 분
• 아키텍쳐 설계 및 제안, 코드리뷰, 테스트 등 개발 문화 개선에 적극적이신 분
• 기획 및 디자이너 등 다른 부서와 원활한 커뮤니케이션이 가능하신 분"
"위버스브레인
기업정보 보기",프론트엔드 개발자,프론트엔드개발자 모집(3년~5년),https://jumpit.saramin.co.kr/position/48986,"Flutter, · React, · REST API, · Git, · Redux, , , , , ","ㆍAI 기반 교육 어플리케이션의 프론트엔드 개발
ㆍFlutter 및 React를 활용한 웹/모바일 어플리케이션 개발
ㆍAPI 연동 및 데이터 관리 최적화","ㆍ프론트엔드 개발 경력 (3년 ~5년)
ㆍFlutter 또는 React 기반의 웹/모바일 앱 개발 경험
ㆍRESTful API 연동 및 상태 관리 라이브러리(Redux, Riverpod 등) 사용 경험
ㆍGit 사용 경험
ㆍ새로운 기술을 빠르게 습득할 수 있는 학습 역량"
"위버스브레인
기업정보 보기",프론트엔드 개발자,프론트엔드개발자 모집(6년~10년),https://jumpit.saramin.co.kr/position/48985,"Flutter, · React, · REST API, · Git, · Redux, , , , , ","ㆍAI 기반 교육 어플리케이션의 프론트엔드 개발
ㆍFlutter 및 React를 활용한 웹/모바일 어플리케이션 개발
ㆍAPI 연동 및 데이터 관리 최적화","ㆍ프론트엔드 개발 경력 (6년 ~10년)
ㆍFlutter 또는 React 기반의 웹/모바일 앱 개발 경험
ㆍRESTful API 연동 및 상태 관리 라이브러리(Redux, Riverpod 등) 사용 경험
ㆍGit 사용 경험
ㆍ새로운 기술을 빠르게 습득할 수 있는 학습 역량"
"위버스브레인
기업정보 보기",프론트엔드 개발자,프론트엔드개발자 모집(11년~15년),https://jumpit.saramin.co.kr/position/48984,"Flutter, · React, · REST API, · Git, · Redux, , , , , ","ㆍAI 기반 교육 어플리케이션의 프론트엔드 개발
ㆍFlutter 및 React를 활용한 웹/모바일 어플리케이션 개발
ㆍAPI 연동 및 데이터 관리 최적화","ㆍ프론트엔드 개발 경력 (11년 ~15년)
ㆍFlutter 또는 React 기반의 웹/모바일 앱 개발 경험
ㆍRESTful API 연동 및 상태 관리 라이브러리(Redux, Riverpod 등) 사용 경험
ㆍGit 사용 경험
ㆍ새로운 기술을 빠르게 습득할 수 있는 학습 역량"
"코그넷나인
기업정보 보기",프론트엔드 개발자,프론트엔드개발자,https://jumpit.saramin.co.kr/position/48347,"React, · JavaScript","• 웹/모바일 애플리케이션 프론트엔드 개발
• 개발 및 업무 요건 구현
• 사용자 인터페이스 설계 및 구현","• 5년 이상의 React, Javascript에 대한 이해와 개발 경험이 있는 분
• UI/UX에 대한 이해"
"인서트
기업정보 보기",프론트엔드 개발자,프론트엔드개발자 채용,https://jumpit.saramin.co.kr/position/47367,"React, · Git, · JavaScript, · HTML5, · CSS 3","• 서비스 유지 보수 및 성능 개선
• React, Javascript, GIT
• 기존 서비스중인 앱 서비스 고도화 및 유지 보수
• 신규 서비스 앱 개발","• 웹/앱 어플리케이션 개발 및 운영 경험 3년 이상 혹은 그에 준하는 경험과 역량을 보유한 분
• 테스트코드를 작성하고, 테스트 자동화 프로세스를 개발 경험
• AWS 등 클라우드 환경에서 개발, 운영 경험
• 기획자, 디자이너 등 타 역할을 가진 동료들과 적극적으로 문제 해결을 위한 커뮤니케이션 가능한 분"
"라쿠카라차
기업정보 보기",프론트엔드 개발자,"플러터 프론트엔드개발자(주35시간, 4.5일)",https://jumpit.saramin.co.kr/position/48086,Flutter,• 앱 개발 및 운영 관리,• 플러터 개발경험 필수
"북아이피스
기업정보 보기",프론트엔드 개발자,프론트엔드 개발자,https://jumpit.saramin.co.kr/position/48196,"AWS, · JavaScript, · TypeScript, · React, , , , , , ","• 다양한 제품 개발에 참여해요. 
• 주요 서비스 플랫폼 및 솔루션에 대한 기능을 고도화해요. 
• 쏠북 마켓 solvook.com
• 저자(선생님)가 만든 자료를 판매하는 마켓 서비스예요. 
• 자료 조회부터 판매 결제까지의 프로세스를 유지보수해요.
• 사용자(학생, 선생님, 원장님, 학부모)타입에 따라 다른 기능을 제공해요. 
• 쏠북 엑스퍼트 expert.solvook.com
• 문제은행 서비스
• 파트너센터 partners.solvook.com
• 쏠북 마켓에서 판매할 자료를 등록하는 관리자 서비스예요. 
• 자료를 등록하고 판매 수익을 관리, 확인할 수 있는 대시보드 기능이 있어요. 
• 전체 기능에 대한 개편을 앞두고 있어요. 
• 신규 서비스 및 제품을 출시해요. 
• 내부 운영을 돕는 어드민 제품 기능을 고도화해요. 
• 제품 개발을 하기 위해 프로덕트팀이 함께 해요.
• MVP 설정하고 이터레이션 방식을 통해 제품을 확장히고 고도화해요. 
• FE 개발프로세스에 주도적으로 참여 조율해요. 
• PO, PD, BE, QA 및 유관 부서와 협업하여 유저 경험을 최적화하는 방식을 고민하고 실행해요. 
• 확장되는 시스템을 고려해서 FE 리팩토링을 관리하고 고도화해요.","• 최소 3년 또는 그에 준하는 모던 웹 개발 경험이 있는 분 
• SPA 개발에 능숙하신 분
• Semantic Markup에 능숙하신 분
• Git 을 능숙하게 다루는 분
• 주도적으로 문제를 발견하고 해결하는 분"
"랜딩
기업정보 보기",프론트엔드 개발자,React 프론트엔드 개발자,https://jumpit.saramin.co.kr/position/48540,"React, · TypeScript, · Next.js, · AWS, , , , ","(중요) 아래 질문에 대한 답을 ""지원이력서 혹은 첨부파일""에 포함하여 지원해주세요.
• 지원하시게 된 동기를 설명해주세요. (공백 포함 500자 내외)
• 자신의 모든 것을 올인했던 경험과 그 결과에 대해서 설명해주세요. (공백 포함 1,000자 내외)

주요업무
• Next.js와 React Flow 기반의 AI 웹 애플리케이션 개발 및 유지보수
• AWS SDK 및 Supabase를 활용한 데이터 연동 및 API 통합
• Storybook을 활용한 UI 컴포넌트 문서화 및 테스트
• 백엔드 개발자 및 디자이너와의 협업을 통한 프로젝트 진행
• 컴포넌트 기반 아키텍처 설계 및 구현
• 최신 프론트엔드 기술 동향 파악 및 적용 검토","• 3년 이내의 프론트엔드 개발 경력을 보유 하신 분
• Next.js 기반의 프로젝트 경험과 SSR에 대한 이해
• React, CSS에 재미와 흥미를 가지고, 실력과 속도에 자신있는 분
• zustand, tanstack-query등 상태 관리 라이브러리를 이용한 개발 경험이 있으신 분
• TypeScript에 대한 능숙한 사용
• 다양한 이해관계자와의 원활한 소통 능력 및 UI/UX에 대한 깊은 이해가 있으신 분
• 모호한 문제를 독립적으로 찾아내고 해결한 경험이 있으신 분
• Git을 통한 소스코드 형상관리"
"프롬프트팩토리
기업정보 보기",프론트엔드 개발자,[대구 근무] 프론트엔드 개발자,https://jumpit.saramin.co.kr/position/48559,"React, · Next.js","• 온라인 서비스 플랫폼 신규 개발 프로젝트 참여
• B2B/B2C 매칭 시스템 설계 및 구현","• 프론트엔드 개발 경험 1년 이상 보유하신 분
• React, Next.js 등 웹 프레임워크에 대한 깊은 이해도를 갖추신 분
• HTML, CSS, JavaScript, HTTP 등 웹 기술의 기본기가 탄탄하신 분
• 가독성 높은 코드 작성에 힘쓰시는 분
• 프로젝트에 대한 주인의식을 가지고 능동적으로 일하시는 분
• 포트폴리오 제출 필수 (코드의 목적, 기술 선택 근거, 문제 해결 과정이 잘 기술된 포트폴리오 우대)"
"브레인즈컴퍼니
기업정보 보기",프론트엔드 개발자,프론트엔드 개발자 (경력 5~10년),https://jumpit.saramin.co.kr/position/48125,"Java, · JavaScript, · Spring Framework, , ","• 자사 주력 솔루션 차세대 버전을 개발합니다.
• 2-4명의 프론트엔드 개발자 리딩 및 코드 리뷰를 합니다.","• 경력 : 5~10년
• 학력 : 대졸 (4년제) 졸업 이상
• Vue 혹은 React를 사용한 SPA 개발 프로젝트 경험이 필수입니다. 
• 또한 Vue 혹은 React 같은 Framework가 어떤 과정을 거쳐 웹상에서 동작하는지에 대한 충분한 이해가 필수입니다.
• JavaScript의 언어적 특성과 핵심 원리에 능통해야 합니다."
"크레스콤
기업정보 보기",프론트엔드 개발자,프론트엔드 개발자 채용,https://jumpit.saramin.co.kr/position/47609,"CSS 3, · JavaScript, · React, · Vue.js, , , , , ","[프론트엔드 개발]
• 인공지능 솔루션의 웹 기반 서비스 개발
• 클라우드 서비스의 프론트엔드 개발
• 사용자의 문제해결 편의성 증대를 위한 신규 기능 개발","• 프론트엔드 개발 실무 경험자 (3년 이상 또는 그에 준하는 실력)
• 사용자의 문제 해결을 위해 창의적이며 긍정적 사고로 해결할 수 있는 분
• 이해하고 소통하며 협업할 수 있는 분
• 리눅스, Javascript, html/css 최신 이해 및 경험자
• Vue, React, Angular 등 활용 경험자
• UI/UX 분석 설계 개발 경험자"
"세계입찰
기업정보 보기",프론트엔드 개발자,프론트엔드 개발자 경력(11~13년) 채용,https://jumpit.saramin.co.kr/position/47433,"HTML5, · C, · C#, · JavaScript, · Node.js","• 프론트엔드 서버 개발 및 운영
• 웹사이트 기능 개발 및 유지/보수","• 프론트엔드 서버 개발 경험 11년~13년 이하
• HTML, CSS, JavaScript 에 기본 지식을 갖추고 있는 분
• 적극적으로 대화할 수 있는 의사소통 능력"
"세계입찰
기업정보 보기",프론트엔드 개발자,프론트엔드 개발자 경력(8~10년) 채용,https://jumpit.saramin.co.kr/position/47432,"HTML5, · C, · C#, · JavaScript, · Node.js","• 프론트엔드 서버 개발 및 운영
• 웹사이트 기능 개발 및 유지/보수","• 프론트엔드 서버 개발 경험 8년~10년 이하
• HTML, CSS, JavaScript 에 기본 지식을 갖추고 있는 분
• 적극적으로 대화할 수 있는 의사소통 능력"
"세계입찰
기업정보 보기",프론트엔드 개발자,프론트엔드 개발자 경력(5~7년) 채용,https://jumpit.saramin.co.kr/position/47430,"HTML5, · C, · C#, · JavaScript, · Node.js","• 프론트엔드 서버 개발 및 운영
• 웹사이트 기능 개발 및 유지/보수","• 프론트엔드 서버 개발 경험 5년~7년 이하
• HTML, CSS, JavaScript 에 기본 지식을 갖추고 있는 분
• 적극적으로 대화할 수 있는 의사소통 능력"
"리비바이오
기업정보 보기",프론트엔드 개발자,프론트엔드 개발자,https://jumpit.saramin.co.kr/position/49062,"NestJS, · React, · Zustand, · Recoil","• Next.js 를 이용한 웹 애플리케이션 개발
 - 일반 사용자를 위한 프론트엔드 개발 및 운영
 - 내부 사용자를 위한 프론트엔드 개발 및 운영
• Vercel 및 AWS를 이용한 서버 배포 자동화 및 관리
• 24시간 365일 유저에게 원활한 서비스 경험 제공",• 프론트엔드개발 경력이 2년 이상 이신 분
"학교종이
기업정보 보기",프론트엔드 개발자,프론트엔드 개발자 (신입/경력),https://jumpit.saramin.co.kr/position/48523,"Angular 2, · Ionic, · TypeScript, · RxJS, , ",• 학교종이 서비스의 프론트엔드 개발 및 유지/보수,"• HTML, CSS, JS의 활용 경험 및 이해도가 있으신 분
• Angular, React, Vue.js 등 1개 이상의 프론트엔드 프레임워크 사용 경험이 있으신 분
• RESTful API 연동을 통한 SPA 개발 경험이 있으신 분
• 아키텍쳐 설계 및 제안, 코드리뷰, 테스트 등 개발 문화 개선에 적극적이신 분
• 기획 및 디자이너 등 다른 부서와 원활한 커뮤니케이션이 가능하신 분"
"위버스브레인
기업정보 보기",프론트엔드 개발자,프론트엔드개발자 모집(3년~5년),https://jumpit.saramin.co.kr/position/48986,"Flutter, · React, · REST API, · Git, · Redux, , , , , ","ㆍAI 기반 교육 어플리케이션의 프론트엔드 개발
ㆍFlutter 및 React를 활용한 웹/모바일 어플리케이션 개발
ㆍAPI 연동 및 데이터 관리 최적화","ㆍ프론트엔드 개발 경력 (3년 ~5년)
ㆍFlutter 또는 React 기반의 웹/모바일 앱 개발 경험
ㆍRESTful API 연동 및 상태 관리 라이브러리(Redux, Riverpod 등) 사용 경험
ㆍGit 사용 경험
ㆍ새로운 기술을 빠르게 습득할 수 있는 학습 역량"
"위버스브레인
기업정보 보기",프론트엔드 개발자,프론트엔드개발자 모집(6년~10년),https://jumpit.saramin.co.kr/position/48985,"Flutter, · React, · REST API, · Git, · Redux, , , , , ","ㆍAI 기반 교육 어플리케이션의 프론트엔드 개발
ㆍFlutter 및 React를 활용한 웹/모바일 어플리케이션 개발
ㆍAPI 연동 및 데이터 관리 최적화","ㆍ프론트엔드 개발 경력 (6년 ~10년)
ㆍFlutter 또는 React 기반의 웹/모바일 앱 개발 경험
ㆍRESTful API 연동 및 상태 관리 라이브러리(Redux, Riverpod 등) 사용 경험
ㆍGit 사용 경험
ㆍ새로운 기술을 빠르게 습득할 수 있는 학습 역량"
"위버스브레인
기업정보 보기",프론트엔드 개발자,프론트엔드개발자 모집(11년~15년),https://jumpit.saramin.co.kr/position/48984,"Flutter, · React, · REST API, · Git, · Redux, , , , , ","ㆍAI 기반 교육 어플리케이션의 프론트엔드 개발
ㆍFlutter 및 React를 활용한 웹/모바일 어플리케이션 개발
ㆍAPI 연동 및 데이터 관리 최적화","ㆍ프론트엔드 개발 경력 (11년 ~15년)
ㆍFlutter 또는 React 기반의 웹/모바일 앱 개발 경험
ㆍRESTful API 연동 및 상태 관리 라이브러리(Redux, Riverpod 등) 사용 경험
ㆍGit 사용 경험
ㆍ새로운 기술을 빠르게 습득할 수 있는 학습 역량"
"코그넷나인
기업정보 보기",프론트엔드 개발자,프론트엔드개발자,https://jumpit.saramin.co.kr/position/48347,"React, · JavaScript","• 웹/모바일 애플리케이션 프론트엔드 개발
• 개발 및 업무 요건 구현
• 사용자 인터페이스 설계 및 구현","• 5년 이상의 React, Javascript에 대한 이해와 개발 경험이 있는 분
• UI/UX에 대한 이해"
"인서트
기업정보 보기",프론트엔드 개발자,프론트엔드개발자 채용,https://jumpit.saramin.co.kr/position/47367,"React, · Git, · JavaScript, · HTML5, · CSS 3","• 서비스 유지 보수 및 성능 개선
• React, Javascript, GIT
• 기존 서비스중인 앱 서비스 고도화 및 유지 보수
• 신규 서비스 앱 개발","• 웹/앱 어플리케이션 개발 및 운영 경험 3년 이상 혹은 그에 준하는 경험과 역량을 보유한 분
• 테스트코드를 작성하고, 테스트 자동화 프로세스를 개발 경험
• AWS 등 클라우드 환경에서 개발, 운영 경험
• 기획자, 디자이너 등 타 역할을 가진 동료들과 적극적으로 문제 해결을 위한 커뮤니케이션 가능한 분"
"라쿠카라차
기업정보 보기",프론트엔드 개발자,"플러터 프론트엔드개발자(주35시간, 4.5일)",https://jumpit.saramin.co.kr/position/48086,Flutter,• 앱 개발 및 운영 관리,• 플러터 개발경험 필수
"북아이피스
기업정보 보기",프론트엔드 개발자,프론트엔드 개발자,https://jumpit.saramin.co.kr/position/48196,"AWS, · JavaScript, · TypeScript, · React, , , , , , ","• 다양한 제품 개발에 참여해요. 
• 주요 서비스 플랫폼 및 솔루션에 대한 기능을 고도화해요. 
• 쏠북 마켓 solvook.com
• 저자(선생님)가 만든 자료를 판매하는 마켓 서비스예요. 
• 자료 조회부터 판매 결제까지의 프로세스를 유지보수해요.
• 사용자(학생, 선생님, 원장님, 학부모)타입에 따라 다른 기능을 제공해요. 
• 쏠북 엑스퍼트 expert.solvook.com
• 문제은행 서비스
• 파트너센터 partners.solvook.com
• 쏠북 마켓에서 판매할 자료를 등록하는 관리자 서비스예요. 
• 자료를 등록하고 판매 수익을 관리, 확인할 수 있는 대시보드 기능이 있어요. 
• 전체 기능에 대한 개편을 앞두고 있어요. 
• 신규 서비스 및 제품을 출시해요. 
• 내부 운영을 돕는 어드민 제품 기능을 고도화해요. 
• 제품 개발을 하기 위해 프로덕트팀이 함께 해요.
• MVP 설정하고 이터레이션 방식을 통해 제품을 확장히고 고도화해요. 
• FE 개발프로세스에 주도적으로 참여 조율해요. 
• PO, PD, BE, QA 및 유관 부서와 협업하여 유저 경험을 최적화하는 방식을 고민하고 실행해요. 
• 확장되는 시스템을 고려해서 FE 리팩토링을 관리하고 고도화해요.","• 최소 3년 또는 그에 준하는 모던 웹 개발 경험이 있는 분 
• SPA 개발에 능숙하신 분
• Semantic Markup에 능숙하신 분
• Git 을 능숙하게 다루는 분
• 주도적으로 문제를 발견하고 해결하는 분"
"랜딩
기업정보 보기",프론트엔드 개발자,React 프론트엔드 개발자,https://jumpit.saramin.co.kr/position/48540,"React, · TypeScript, · Next.js, · AWS, , , , ","(중요) 아래 질문에 대한 답을 ""지원이력서 혹은 첨부파일""에 포함하여 지원해주세요.
• 지원하시게 된 동기를 설명해주세요. (공백 포함 500자 내외)
• 자신의 모든 것을 올인했던 경험과 그 결과에 대해서 설명해주세요. (공백 포함 1,000자 내외)

주요업무
• Next.js와 React Flow 기반의 AI 웹 애플리케이션 개발 및 유지보수
• AWS SDK 및 Supabase를 활용한 데이터 연동 및 API 통합
• Storybook을 활용한 UI 컴포넌트 문서화 및 테스트
• 백엔드 개발자 및 디자이너와의 협업을 통한 프로젝트 진행
• 컴포넌트 기반 아키텍처 설계 및 구현
• 최신 프론트엔드 기술 동향 파악 및 적용 검토","• 3년 이내의 프론트엔드 개발 경력을 보유 하신 분
• Next.js 기반의 프로젝트 경험과 SSR에 대한 이해
• React, CSS에 재미와 흥미를 가지고, 실력과 속도에 자신있는 분
• zustand, tanstack-query등 상태 관리 라이브러리를 이용한 개발 경험이 있으신 분
• TypeScript에 대한 능숙한 사용
• 다양한 이해관계자와의 원활한 소통 능력 및 UI/UX에 대한 깊은 이해가 있으신 분
• 모호한 문제를 독립적으로 찾아내고 해결한 경험이 있으신 분
• Git을 통한 소스코드 형상관리"
"프롬프트팩토리
기업정보 보기",프론트엔드 개발자,[대구 근무] 프론트엔드 개발자,https://jumpit.saramin.co.kr/position/48559,"React, · Next.js","• 온라인 서비스 플랫폼 신규 개발 프로젝트 참여
• B2B/B2C 매칭 시스템 설계 및 구현","• 프론트엔드 개발 경험 1년 이상 보유하신 분
• React, Next.js 등 웹 프레임워크에 대한 깊은 이해도를 갖추신 분
• HTML, CSS, JavaScript, HTTP 등 웹 기술의 기본기가 탄탄하신 분
• 가독성 높은 코드 작성에 힘쓰시는 분
• 프로젝트에 대한 주인의식을 가지고 능동적으로 일하시는 분
• 포트폴리오 제출 필수 (코드의 목적, 기술 선택 근거, 문제 해결 과정이 잘 기술된 포트폴리오 우대)"
"브레인즈컴퍼니
기업정보 보기",프론트엔드 개발자,프론트엔드 개발자 (경력 5~10년),https://jumpit.saramin.co.kr/position/48125,"Java, · JavaScript, · Spring Framework, , ","• 자사 주력 솔루션 차세대 버전을 개발합니다.
• 2-4명의 프론트엔드 개발자 리딩 및 코드 리뷰를 합니다.","• 경력 : 5~10년
• 학력 : 대졸 (4년제) 졸업 이상
• Vue 혹은 React를 사용한 SPA 개발 프로젝트 경험이 필수입니다. 
• 또한 Vue 혹은 React 같은 Framework가 어떤 과정을 거쳐 웹상에서 동작하는지에 대한 충분한 이해가 필수입니다.
• JavaScript의 언어적 특성과 핵심 원리에 능통해야 합니다."
"크레스콤
기업정보 보기",프론트엔드 개발자,프론트엔드 개발자 채용,https://jumpit.saramin.co.kr/position/47609,"CSS 3, · JavaScript, · React, · Vue.js, , , , , ","[프론트엔드 개발]
• 인공지능 솔루션의 웹 기반 서비스 개발
• 클라우드 서비스의 프론트엔드 개발
• 사용자의 문제해결 편의성 증대를 위한 신규 기능 개발","• 프론트엔드 개발 실무 경험자 (3년 이상 또는 그에 준하는 실력)
• 사용자의 문제 해결을 위해 창의적이며 긍정적 사고로 해결할 수 있는 분
• 이해하고 소통하며 협업할 수 있는 분
• 리눅스, Javascript, html/css 최신 이해 및 경험자
• Vue, React, Angular 등 활용 경험자
• UI/UX 분석 설계 개발 경험자"
"세계입찰
기업정보 보기",프론트엔드 개발자,프론트엔드 개발자 경력(11~13년) 채용,https://jumpit.saramin.co.kr/position/47433,"HTML5, · C, · C#, · JavaScript, · Node.js","• 프론트엔드 서버 개발 및 운영
• 웹사이트 기능 개발 및 유지/보수","• 프론트엔드 서버 개발 경험 11년~13년 이하
• HTML, CSS, JavaScript 에 기본 지식을 갖추고 있는 분
• 적극적으로 대화할 수 있는 의사소통 능력"
"세계입찰
기업정보 보기",프론트엔드 개발자,프론트엔드 개발자 경력(8~10년) 채용,https://jumpit.saramin.co.kr/position/47432,"HTML5, · C, · C#, · JavaScript, · Node.js","• 프론트엔드 서버 개발 및 운영
• 웹사이트 기능 개발 및 유지/보수","• 프론트엔드 서버 개발 경험 8년~10년 이하
• HTML, CSS, JavaScript 에 기본 지식을 갖추고 있는 분
• 적극적으로 대화할 수 있는 의사소통 능력"
"세계입찰
기업정보 보기",프론트엔드 개발자,프론트엔드 개발자 경력(5~7년) 채용,https://jumpit.saramin.co.kr/position/47430,"HTML5, · C, · C#, · JavaScript, · Node.js","• 프론트엔드 서버 개발 및 운영
• 웹사이트 기능 개발 및 유지/보수","• 프론트엔드 서버 개발 경험 5년~7년 이하
• HTML, CSS, JavaScript 에 기본 지식을 갖추고 있는 분
• 적극적으로 대화할 수 있는 의사소통 능력"
"리비바이오
기업정보 보기",프론트엔드 개발자,프론트엔드 개발자,https://jumpit.saramin.co.kr/position/49062,"NestJS, · React, · Zustand, · Recoil","• Next.js 를 이용한 웹 애플리케이션 개발
 - 일반 사용자를 위한 프론트엔드 개발 및 운영
 - 내부 사용자를 위한 프론트엔드 개발 및 운영
• Vercel 및 AWS를 이용한 서버 배포 자동화 및 관리
• 24시간 365일 유저에게 원활한 서비스 경험 제공",• 프론트엔드개발 경력이 2년 이상 이신 분
"학교종이
기업정보 보기",프론트엔드 개발자,프론트엔드 개발자 (신입/경력),https://jumpit.saramin.co.kr/position/48523,"Angular 2, · Ionic, · TypeScript, · RxJS, , ",• 학교종이 서비스의 프론트엔드 개발 및 유지/보수,"• HTML, CSS, JS의 활용 경험 및 이해도가 있으신 분
• Angular, React, Vue.js 등 1개 이상의 프론트엔드 프레임워크 사용 경험이 있으신 분
• RESTful API 연동을 통한 SPA 개발 경험이 있으신 분
• 아키텍쳐 설계 및 제안, 코드리뷰, 테스트 등 개발 문화 개선에 적극적이신 분
• 기획 및 디자이너 등 다른 부서와 원활한 커뮤니케이션이 가능하신 분"
"카플
기업정보 보기",풀스택 개발자,풀스택 웹 개발자/이커머스 자동화 대시보드 개발,https://jumpit.saramin.co.kr/position/48830,"React, · Node.js, · AWS, · Amazon EC2, ","카플은 자동차를 의미하는 'Car' 와 사람을 의미하는 'People' 의 합성어로,
사람과 차를 이어준다는 의미를 담고 있으며, IT 솔루션 및 커넥티드카 제품을 개발 및 온라인 유통 기업입니다.
카플과 함께 할 Naver 스마트스토어, 쿠팡, 등 오픈마켓을 연동해 CRM 자동화 및 상품 피드 관리 가능한 웹 기반 툴을 개발.
초기 MVP 버전부터 함께 설계하고 개발할 풀 스택 개발자를 찾고 있습니다.

주요업무
• 서비스 전반 Front/Back End 개발
• 실시간 데이터 수집 자동화 및 데이터 처리르 위한 API, Backend Architecture 설계 및 개발
• 대시보드 UI 구성
• 데이터베이스 및 사용자 인증 설계
• 공통 기술 스택 : AWS EC2/RDS, React, Node.js, Python","자격요건
• 3년 이상의 유관 경력이 있는 분
• React/NodeJS/Python 경험해 보신 분
• AWS 에서 서버 구축 경험이 있으신 분
• REST API 및 OAuth 인증, 외부 API 연동 경험
• PostgreSQL 또는 MongoDB 등 데이터베이스 경험"
"알지티
기업정보 보기",풀스택 개발자,Full stack(풀스택) 개발자 모집[9~11년],https://jumpit.saramin.co.kr/position/49069,"JavaScript, · Python, · TypeScript, , , , , , , ","• 사용자가 직접 상호작용하는 프론트엔드부터 서버에서 실행되는 백엔드, 그리고 데이터를 저장하고 관리하는 데이터베이스에 이르기까지 웹 개발의 전체 '스택'을 이해하고 개발","• 관련 경력 9년이상
• 컴퓨터 혹은 소프트웨어 엔지니어 학사 학위 또는 관련 업무 경험.
• 최소한 하나의 객체 지향 기반 언어에 대한 지식/경험: C#, C++, Java
• AWS 클라우드 플랫폼 경험
• 반응형 웹 서비스 개발 및 최적화
• RESTful API 설계 및 구현
• 최신 기술 및 개발자 도구에 대한 지식(해당 분야)
• git 및 Github의 기본(필수)
• Python 도구(로봇 또는 웹)
• 데이터베이스/풀 스택 프로젝트에 대한 기본 지식 및 경험.
• 새로운 소프트웨어 및 기술을 빠르게 배울 수 있는 능력
• Java 및 Spring Boot를 사용하여 웹 서비스를 개발한 입증된 경험
• HTTP 프로토콜과 REST API 설계 원칙에 대한 강력한 이해
• 네트워킹 개념과 그 실용적인 응용 프로그램에 대한 확실한 이해"
"알지티
기업정보 보기",풀스택 개발자,Full stack(풀스택) 개발자 모집[6~8년],https://jumpit.saramin.co.kr/position/49068,"JavaScript, · Python, · TypeScript, , , , , , , ","• 사용자가 직접 상호작용하는 프론트엔드부터 서버에서 실행되는 백엔드, 그리고 데이터를 저장하고 관리하는 데이터베이스에 이르기까지 웹 개발의 전체 '스택'을 이해하고 개발","• 관련 경력 6년이상
• 컴퓨터 혹은 소프트웨어 엔지니어 학사 학위 또는 관련 업무 경험.
• 최소한 하나의 객체 지향 기반 언어에 대한 지식/경험: C#, C++, Java
• AWS 클라우드 플랫폼 경험
• 반응형 웹 서비스 개발 및 최적화
• RESTful API 설계 및 구현
• 최신 기술 및 개발자 도구에 대한 지식(해당 분야)
• git 및 Github의 기본(필수)
• Python 도구(로봇 또는 웹)
• 데이터베이스/풀 스택 프로젝트에 대한 기본 지식 및 경험.
• 새로운 소프트웨어 및 기술을 빠르게 배울 수 있는 능력
• Java 및 Spring Boot를 사용하여 웹 서비스를 개발한 입증된 경험
• HTTP 프로토콜과 REST API 설계 원칙에 대한 강력한 이해
• 네트워킹 개념과 그 실용적인 응용 프로그램에 대한 확실한 이해"
"알지티
기업정보 보기",풀스택 개발자,Full stack(풀스택) 개발자 모집[3~5년],https://jumpit.saramin.co.kr/position/49067,"JavaScript, · Python, · TypeScript, , , , , , , ","• 사용자가 직접 상호작용하는 프론트엔드부터 서버에서 실행되는 백엔드, 그리고 데이터를 저장하고 관리하는 데이터베이스에 이르기까지 웹 개발의 전체 '스택'을 이해하고 개발","• 관련 경력 3년이상
• 컴퓨터 혹은 소프트웨어 엔지니어 학사 학위 또는 관련 업무 경험.
• 최소한 하나의 객체 지향 기반 언어에 대한 지식/경험: C#, C++, Java
• AWS 클라우드 플랫폼 경험
• 반응형 웹 서비스 개발 및 최적화
• RESTful API 설계 및 구현
• 최신 기술 및 개발자 도구에 대한 지식(해당 분야)
• git 및 Github의 기본(필수)
• Python 도구(로봇 또는 웹)
• 데이터베이스/풀 스택 프로젝트에 대한 기본 지식 및 경험.
• 새로운 소프트웨어 및 기술을 빠르게 배울 수 있는 능력
• Java 및 Spring Boot를 사용하여 웹 서비스를 개발한 입증된 경험
• HTTP 프로토콜과 REST API 설계 원칙에 대한 강력한 이해
• 네트워킹 개념과 그 실용적인 응용 프로그램에 대한 확실한 이해"
"카플
기업정보 보기",풀스택 개발자,풀스택 웹 개발자/이커머스 자동화 대시보드 개발,https://jumpit.saramin.co.kr/position/48830,"React, · Node.js, · AWS, · Amazon EC2, ","카플은 자동차를 의미하는 'Car' 와 사람을 의미하는 'People' 의 합성어로,
사람과 차를 이어준다는 의미를 담고 있으며, IT 솔루션 및 커넥티드카 제품을 개발 및 온라인 유통 기업입니다.
카플과 함께 할 Naver 스마트스토어, 쿠팡, 등 오픈마켓을 연동해 CRM 자동화 및 상품 피드 관리 가능한 웹 기반 툴을 개발.
초기 MVP 버전부터 함께 설계하고 개발할 풀 스택 개발자를 찾고 있습니다.

주요업무
• 서비스 전반 Front/Back End 개발
• 실시간 데이터 수집 자동화 및 데이터 처리르 위한 API, Backend Architecture 설계 및 개발
• 대시보드 UI 구성
• 데이터베이스 및 사용자 인증 설계
• 공통 기술 스택 : AWS EC2/RDS, React, Node.js, Python","자격요건
• 3년 이상의 유관 경력이 있는 분
• React/NodeJS/Python 경험해 보신 분
• AWS 에서 서버 구축 경험이 있으신 분
• REST API 및 OAuth 인증, 외부 API 연동 경험
• PostgreSQL 또는 MongoDB 등 데이터베이스 경험"
"알지티
기업정보 보기",풀스택 개발자,Full stack(풀스택) 개발자 모집[9~11년],https://jumpit.saramin.co.kr/position/49069,"JavaScript, · Python, · TypeScript, , , , , , , ","• 사용자가 직접 상호작용하는 프론트엔드부터 서버에서 실행되는 백엔드, 그리고 데이터를 저장하고 관리하는 데이터베이스에 이르기까지 웹 개발의 전체 '스택'을 이해하고 개발","• 관련 경력 9년이상
• 컴퓨터 혹은 소프트웨어 엔지니어 학사 학위 또는 관련 업무 경험.
• 최소한 하나의 객체 지향 기반 언어에 대한 지식/경험: C#, C++, Java
• AWS 클라우드 플랫폼 경험
• 반응형 웹 서비스 개발 및 최적화
• RESTful API 설계 및 구현
• 최신 기술 및 개발자 도구에 대한 지식(해당 분야)
• git 및 Github의 기본(필수)
• Python 도구(로봇 또는 웹)
• 데이터베이스/풀 스택 프로젝트에 대한 기본 지식 및 경험.
• 새로운 소프트웨어 및 기술을 빠르게 배울 수 있는 능력
• Java 및 Spring Boot를 사용하여 웹 서비스를 개발한 입증된 경험
• HTTP 프로토콜과 REST API 설계 원칙에 대한 강력한 이해
• 네트워킹 개념과 그 실용적인 응용 프로그램에 대한 확실한 이해"
"알지티
기업정보 보기",풀스택 개발자,Full stack(풀스택) 개발자 모집[6~8년],https://jumpit.saramin.co.kr/position/49068,"JavaScript, · Python, · TypeScript, , , , , , , ","• 사용자가 직접 상호작용하는 프론트엔드부터 서버에서 실행되는 백엔드, 그리고 데이터를 저장하고 관리하는 데이터베이스에 이르기까지 웹 개발의 전체 '스택'을 이해하고 개발","• 관련 경력 6년이상
• 컴퓨터 혹은 소프트웨어 엔지니어 학사 학위 또는 관련 업무 경험.
• 최소한 하나의 객체 지향 기반 언어에 대한 지식/경험: C#, C++, Java
• AWS 클라우드 플랫폼 경험
• 반응형 웹 서비스 개발 및 최적화
• RESTful API 설계 및 구현
• 최신 기술 및 개발자 도구에 대한 지식(해당 분야)
• git 및 Github의 기본(필수)
• Python 도구(로봇 또는 웹)
• 데이터베이스/풀 스택 프로젝트에 대한 기본 지식 및 경험.
• 새로운 소프트웨어 및 기술을 빠르게 배울 수 있는 능력
• Java 및 Spring Boot를 사용하여 웹 서비스를 개발한 입증된 경험
• HTTP 프로토콜과 REST API 설계 원칙에 대한 강력한 이해
• 네트워킹 개념과 그 실용적인 응용 프로그램에 대한 확실한 이해"
"알지티
기업정보 보기",풀스택 개발자,Full stack(풀스택) 개발자 모집[3~5년],https://jumpit.saramin.co.kr/position/49067,"JavaScript, · Python, · TypeScript, , , , , , , ","• 사용자가 직접 상호작용하는 프론트엔드부터 서버에서 실행되는 백엔드, 그리고 데이터를 저장하고 관리하는 데이터베이스에 이르기까지 웹 개발의 전체 '스택'을 이해하고 개발","• 관련 경력 3년이상
• 컴퓨터 혹은 소프트웨어 엔지니어 학사 학위 또는 관련 업무 경험.
• 최소한 하나의 객체 지향 기반 언어에 대한 지식/경험: C#, C++, Java
• AWS 클라우드 플랫폼 경험
• 반응형 웹 서비스 개발 및 최적화
• RESTful API 설계 및 구현
• 최신 기술 및 개발자 도구에 대한 지식(해당 분야)
• git 및 Github의 기본(필수)
• Python 도구(로봇 또는 웹)
• 데이터베이스/풀 스택 프로젝트에 대한 기본 지식 및 경험.
• 새로운 소프트웨어 및 기술을 빠르게 배울 수 있는 능력
• Java 및 Spring Boot를 사용하여 웹 서비스를 개발한 입증된 경험
• HTTP 프로토콜과 REST API 설계 원칙에 대한 강력한 이해
• 네트워킹 개념과 그 실용적인 응용 프로그램에 대한 확실한 이해"
"카플
기업정보 보기",풀스택 개발자,풀스택 웹 개발자/이커머스 자동화 대시보드 개발,https://jumpit.saramin.co.kr/position/48830,"React, · Node.js, · AWS, · Amazon EC2, ","카플은 자동차를 의미하는 'Car' 와 사람을 의미하는 'People' 의 합성어로,
사람과 차를 이어준다는 의미를 담고 있으며, IT 솔루션 및 커넥티드카 제품을 개발 및 온라인 유통 기업입니다.
카플과 함께 할 Naver 스마트스토어, 쿠팡, 등 오픈마켓을 연동해 CRM 자동화 및 상품 피드 관리 가능한 웹 기반 툴을 개발.
초기 MVP 버전부터 함께 설계하고 개발할 풀 스택 개발자를 찾고 있습니다.

주요업무
• 서비스 전반 Front/Back End 개발
• 실시간 데이터 수집 자동화 및 데이터 처리르 위한 API, Backend Architecture 설계 및 개발
• 대시보드 UI 구성
• 데이터베이스 및 사용자 인증 설계
• 공통 기술 스택 : AWS EC2/RDS, React, Node.js, Python","자격요건
• 3년 이상의 유관 경력이 있는 분
• React/NodeJS/Python 경험해 보신 분
• AWS 에서 서버 구축 경험이 있으신 분
• REST API 및 OAuth 인증, 외부 API 연동 경험
• PostgreSQL 또는 MongoDB 등 데이터베이스 경험"
"알지티
기업정보 보기",풀스택 개발자,Full stack(풀스택) 개발자 모집[9~11년],https://jumpit.saramin.co.kr/position/49069,"JavaScript, · Python, · TypeScript, , , , , , , ","• 사용자가 직접 상호작용하는 프론트엔드부터 서버에서 실행되는 백엔드, 그리고 데이터를 저장하고 관리하는 데이터베이스에 이르기까지 웹 개발의 전체 '스택'을 이해하고 개발","• 관련 경력 9년이상
• 컴퓨터 혹은 소프트웨어 엔지니어 학사 학위 또는 관련 업무 경험.
• 최소한 하나의 객체 지향 기반 언어에 대한 지식/경험: C#, C++, Java
• AWS 클라우드 플랫폼 경험
• 반응형 웹 서비스 개발 및 최적화
• RESTful API 설계 및 구현
• 최신 기술 및 개발자 도구에 대한 지식(해당 분야)
• git 및 Github의 기본(필수)
• Python 도구(로봇 또는 웹)
• 데이터베이스/풀 스택 프로젝트에 대한 기본 지식 및 경험.
• 새로운 소프트웨어 및 기술을 빠르게 배울 수 있는 능력
• Java 및 Spring Boot를 사용하여 웹 서비스를 개발한 입증된 경험
• HTTP 프로토콜과 REST API 설계 원칙에 대한 강력한 이해
• 네트워킹 개념과 그 실용적인 응용 프로그램에 대한 확실한 이해"
"알지티
기업정보 보기",풀스택 개발자,Full stack(풀스택) 개발자 모집[6~8년],https://jumpit.saramin.co.kr/position/49068,"JavaScript, · Python, · TypeScript, , , , , , , ","• 사용자가 직접 상호작용하는 프론트엔드부터 서버에서 실행되는 백엔드, 그리고 데이터를 저장하고 관리하는 데이터베이스에 이르기까지 웹 개발의 전체 '스택'을 이해하고 개발","• 관련 경력 6년이상
• 컴퓨터 혹은 소프트웨어 엔지니어 학사 학위 또는 관련 업무 경험.
• 최소한 하나의 객체 지향 기반 언어에 대한 지식/경험: C#, C++, Java
• AWS 클라우드 플랫폼 경험
• 반응형 웹 서비스 개발 및 최적화
• RESTful API 설계 및 구현
• 최신 기술 및 개발자 도구에 대한 지식(해당 분야)
• git 및 Github의 기본(필수)
• Python 도구(로봇 또는 웹)
• 데이터베이스/풀 스택 프로젝트에 대한 기본 지식 및 경험.
• 새로운 소프트웨어 및 기술을 빠르게 배울 수 있는 능력
• Java 및 Spring Boot를 사용하여 웹 서비스를 개발한 입증된 경험
• HTTP 프로토콜과 REST API 설계 원칙에 대한 강력한 이해
• 네트워킹 개념과 그 실용적인 응용 프로그램에 대한 확실한 이해"
"알지티
기업정보 보기",풀스택 개발자,Full stack(풀스택) 개발자 모집[3~5년],https://jumpit.saramin.co.kr/position/49067,"JavaScript, · Python, · TypeScript, , , , , , , ","• 사용자가 직접 상호작용하는 프론트엔드부터 서버에서 실행되는 백엔드, 그리고 데이터를 저장하고 관리하는 데이터베이스에 이르기까지 웹 개발의 전체 '스택'을 이해하고 개발","• 관련 경력 3년이상
• 컴퓨터 혹은 소프트웨어 엔지니어 학사 학위 또는 관련 업무 경험.
• 최소한 하나의 객체 지향 기반 언어에 대한 지식/경험: C#, C++, Java
• AWS 클라우드 플랫폼 경험
• 반응형 웹 서비스 개발 및 최적화
• RESTful API 설계 및 구현
• 최신 기술 및 개발자 도구에 대한 지식(해당 분야)
• git 및 Github의 기본(필수)
• Python 도구(로봇 또는 웹)
• 데이터베이스/풀 스택 프로젝트에 대한 기본 지식 및 경험.
• 새로운 소프트웨어 및 기술을 빠르게 배울 수 있는 능력
• Java 및 Spring Boot를 사용하여 웹 서비스를 개발한 입증된 경험
• HTTP 프로토콜과 REST API 설계 원칙에 대한 강력한 이해
• 네트워킹 개념과 그 실용적인 응용 프로그램에 대한 확실한 이해"
"카플
기업정보 보기",풀스택 개발자,풀스택 웹 개발자/이커머스 자동화 대시보드 개발,https://jumpit.saramin.co.kr/position/48830,"React, · Node.js, · AWS, · Amazon EC2, ","카플은 자동차를 의미하는 'Car' 와 사람을 의미하는 'People' 의 합성어로,
사람과 차를 이어준다는 의미를 담고 있으며, IT 솔루션 및 커넥티드카 제품을 개발 및 온라인 유통 기업입니다.
카플과 함께 할 Naver 스마트스토어, 쿠팡, 등 오픈마켓을 연동해 CRM 자동화 및 상품 피드 관리 가능한 웹 기반 툴을 개발.
초기 MVP 버전부터 함께 설계하고 개발할 풀 스택 개발자를 찾고 있습니다.

주요업무
• 서비스 전반 Front/Back End 개발
• 실시간 데이터 수집 자동화 및 데이터 처리르 위한 API, Backend Architecture 설계 및 개발
• 대시보드 UI 구성
• 데이터베이스 및 사용자 인증 설계
• 공통 기술 스택 : AWS EC2/RDS, React, Node.js, Python","자격요건
• 3년 이상의 유관 경력이 있는 분
• React/NodeJS/Python 경험해 보신 분
• AWS 에서 서버 구축 경험이 있으신 분
• REST API 및 OAuth 인증, 외부 API 연동 경험
• PostgreSQL 또는 MongoDB 등 데이터베이스 경험"
"알지티
기업정보 보기",풀스택 개발자,Full stack(풀스택) 개발자 모집[9~11년],https://jumpit.saramin.co.kr/position/49069,"JavaScript, · Python, · TypeScript, , , , , , , ","• 사용자가 직접 상호작용하는 프론트엔드부터 서버에서 실행되는 백엔드, 그리고 데이터를 저장하고 관리하는 데이터베이스에 이르기까지 웹 개발의 전체 '스택'을 이해하고 개발","• 관련 경력 9년이상
• 컴퓨터 혹은 소프트웨어 엔지니어 학사 학위 또는 관련 업무 경험.
• 최소한 하나의 객체 지향 기반 언어에 대한 지식/경험: C#, C++, Java
• AWS 클라우드 플랫폼 경험
• 반응형 웹 서비스 개발 및 최적화
• RESTful API 설계 및 구현
• 최신 기술 및 개발자 도구에 대한 지식(해당 분야)
• git 및 Github의 기본(필수)
• Python 도구(로봇 또는 웹)
• 데이터베이스/풀 스택 프로젝트에 대한 기본 지식 및 경험.
• 새로운 소프트웨어 및 기술을 빠르게 배울 수 있는 능력
• Java 및 Spring Boot를 사용하여 웹 서비스를 개발한 입증된 경험
• HTTP 프로토콜과 REST API 설계 원칙에 대한 강력한 이해
• 네트워킹 개념과 그 실용적인 응용 프로그램에 대한 확실한 이해"
"알지티
기업정보 보기",풀스택 개발자,Full stack(풀스택) 개발자 모집[6~8년],https://jumpit.saramin.co.kr/position/49068,"JavaScript, · Python, · TypeScript, , , , , , , ","• 사용자가 직접 상호작용하는 프론트엔드부터 서버에서 실행되는 백엔드, 그리고 데이터를 저장하고 관리하는 데이터베이스에 이르기까지 웹 개발의 전체 '스택'을 이해하고 개발","• 관련 경력 6년이상
• 컴퓨터 혹은 소프트웨어 엔지니어 학사 학위 또는 관련 업무 경험.
• 최소한 하나의 객체 지향 기반 언어에 대한 지식/경험: C#, C++, Java
• AWS 클라우드 플랫폼 경험
• 반응형 웹 서비스 개발 및 최적화
• RESTful API 설계 및 구현
• 최신 기술 및 개발자 도구에 대한 지식(해당 분야)
• git 및 Github의 기본(필수)
• Python 도구(로봇 또는 웹)
• 데이터베이스/풀 스택 프로젝트에 대한 기본 지식 및 경험.
• 새로운 소프트웨어 및 기술을 빠르게 배울 수 있는 능력
• Java 및 Spring Boot를 사용하여 웹 서비스를 개발한 입증된 경험
• HTTP 프로토콜과 REST API 설계 원칙에 대한 강력한 이해
• 네트워킹 개념과 그 실용적인 응용 프로그램에 대한 확실한 이해"
"알지티
기업정보 보기",풀스택 개발자,Full stack(풀스택) 개발자 모집[3~5년],https://jumpit.saramin.co.kr/position/49067,"JavaScript, · Python, · TypeScript, , , , , , , ","• 사용자가 직접 상호작용하는 프론트엔드부터 서버에서 실행되는 백엔드, 그리고 데이터를 저장하고 관리하는 데이터베이스에 이르기까지 웹 개발의 전체 '스택'을 이해하고 개발","• 관련 경력 3년이상
• 컴퓨터 혹은 소프트웨어 엔지니어 학사 학위 또는 관련 업무 경험.
• 최소한 하나의 객체 지향 기반 언어에 대한 지식/경험: C#, C++, Java
• AWS 클라우드 플랫폼 경험
• 반응형 웹 서비스 개발 및 최적화
• RESTful API 설계 및 구현
• 최신 기술 및 개발자 도구에 대한 지식(해당 분야)
• git 및 Github의 기본(필수)
• Python 도구(로봇 또는 웹)
• 데이터베이스/풀 스택 프로젝트에 대한 기본 지식 및 경험.
• 새로운 소프트웨어 및 기술을 빠르게 배울 수 있는 능력
• Java 및 Spring Boot를 사용하여 웹 서비스를 개발한 입증된 경험
• HTTP 프로토콜과 REST API 설계 원칙에 대한 강력한 이해
• 네트워킹 개념과 그 실용적인 응용 프로그램에 대한 확실한 이해"
"카플
기업정보 보기",풀스택 개발자,풀스택 웹 개발자/이커머스 자동화 대시보드 개발,https://jumpit.saramin.co.kr/position/48830,"React, · Node.js, · AWS, · Amazon EC2, ","카플은 자동차를 의미하는 'Car' 와 사람을 의미하는 'People' 의 합성어로,
사람과 차를 이어준다는 의미를 담고 있으며, IT 솔루션 및 커넥티드카 제품을 개발 및 온라인 유통 기업입니다.
카플과 함께 할 Naver 스마트스토어, 쿠팡, 등 오픈마켓을 연동해 CRM 자동화 및 상품 피드 관리 가능한 웹 기반 툴을 개발.
초기 MVP 버전부터 함께 설계하고 개발할 풀 스택 개발자를 찾고 있습니다.

주요업무
• 서비스 전반 Front/Back End 개발
• 실시간 데이터 수집 자동화 및 데이터 처리르 위한 API, Backend Architecture 설계 및 개발
• 대시보드 UI 구성
• 데이터베이스 및 사용자 인증 설계
• 공통 기술 스택 : AWS EC2/RDS, React, Node.js, Python","자격요건
• 3년 이상의 유관 경력이 있는 분
• React/NodeJS/Python 경험해 보신 분
• AWS 에서 서버 구축 경험이 있으신 분
• REST API 및 OAuth 인증, 외부 API 연동 경험
• PostgreSQL 또는 MongoDB 등 데이터베이스 경험"
"알지티
기업정보 보기",풀스택 개발자,Full stack(풀스택) 개발자 모집[9~11년],https://jumpit.saramin.co.kr/position/49069,"JavaScript, · Python, · TypeScript, , , , , , , ","• 사용자가 직접 상호작용하는 프론트엔드부터 서버에서 실행되는 백엔드, 그리고 데이터를 저장하고 관리하는 데이터베이스에 이르기까지 웹 개발의 전체 '스택'을 이해하고 개발","• 관련 경력 9년이상
• 컴퓨터 혹은 소프트웨어 엔지니어 학사 학위 또는 관련 업무 경험.
• 최소한 하나의 객체 지향 기반 언어에 대한 지식/경험: C#, C++, Java
• AWS 클라우드 플랫폼 경험
• 반응형 웹 서비스 개발 및 최적화
• RESTful API 설계 및 구현
• 최신 기술 및 개발자 도구에 대한 지식(해당 분야)
• git 및 Github의 기본(필수)
• Python 도구(로봇 또는 웹)
• 데이터베이스/풀 스택 프로젝트에 대한 기본 지식 및 경험.
• 새로운 소프트웨어 및 기술을 빠르게 배울 수 있는 능력
• Java 및 Spring Boot를 사용하여 웹 서비스를 개발한 입증된 경험
• HTTP 프로토콜과 REST API 설계 원칙에 대한 강력한 이해
• 네트워킹 개념과 그 실용적인 응용 프로그램에 대한 확실한 이해"
"알지티
기업정보 보기",풀스택 개발자,Full stack(풀스택) 개발자 모집[6~8년],https://jumpit.saramin.co.kr/position/49068,"JavaScript, · Python, · TypeScript, , , , , , , ","• 사용자가 직접 상호작용하는 프론트엔드부터 서버에서 실행되는 백엔드, 그리고 데이터를 저장하고 관리하는 데이터베이스에 이르기까지 웹 개발의 전체 '스택'을 이해하고 개발","• 관련 경력 6년이상
• 컴퓨터 혹은 소프트웨어 엔지니어 학사 학위 또는 관련 업무 경험.
• 최소한 하나의 객체 지향 기반 언어에 대한 지식/경험: C#, C++, Java
• AWS 클라우드 플랫폼 경험
• 반응형 웹 서비스 개발 및 최적화
• RESTful API 설계 및 구현
• 최신 기술 및 개발자 도구에 대한 지식(해당 분야)
• git 및 Github의 기본(필수)
• Python 도구(로봇 또는 웹)
• 데이터베이스/풀 스택 프로젝트에 대한 기본 지식 및 경험.
• 새로운 소프트웨어 및 기술을 빠르게 배울 수 있는 능력
• Java 및 Spring Boot를 사용하여 웹 서비스를 개발한 입증된 경험
• HTTP 프로토콜과 REST API 설계 원칙에 대한 강력한 이해
• 네트워킹 개념과 그 실용적인 응용 프로그램에 대한 확실한 이해"
"알지티
기업정보 보기",풀스택 개발자,Full stack(풀스택) 개발자 모집[3~5년],https://jumpit.saramin.co.kr/position/49067,"JavaScript, · Python, · TypeScript, , , , , , , ","• 사용자가 직접 상호작용하는 프론트엔드부터 서버에서 실행되는 백엔드, 그리고 데이터를 저장하고 관리하는 데이터베이스에 이르기까지 웹 개발의 전체 '스택'을 이해하고 개발","• 관련 경력 3년이상
• 컴퓨터 혹은 소프트웨어 엔지니어 학사 학위 또는 관련 업무 경험.
• 최소한 하나의 객체 지향 기반 언어에 대한 지식/경험: C#, C++, Java
• AWS 클라우드 플랫폼 경험
• 반응형 웹 서비스 개발 및 최적화
• RESTful API 설계 및 구현
• 최신 기술 및 개발자 도구에 대한 지식(해당 분야)
• git 및 Github의 기본(필수)
• Python 도구(로봇 또는 웹)
• 데이터베이스/풀 스택 프로젝트에 대한 기본 지식 및 경험.
• 새로운 소프트웨어 및 기술을 빠르게 배울 수 있는 능력
• Java 및 Spring Boot를 사용하여 웹 서비스를 개발한 입증된 경험
• HTTP 프로토콜과 REST API 설계 원칙에 대한 강력한 이해
• 네트워킹 개념과 그 실용적인 응용 프로그램에 대한 확실한 이해"
